/*
Navicat MySQL Data Transfer

Source Server         : localhsot5.7
Source Server Version : 50726
Source Host           : localhost:3306
Source Database       : gin-fast-tenant

Target Server Type    : MYSQL
Target Server Version : 50726
File Encoding         : 65001

Date: 2026-04-09 17:24:03
*/

SET FOREIGN_KEY_CHECKS=0;

-- ----------------------------
-- Table structure for demo_students
-- ----------------------------
DROP TABLE IF EXISTS `demo_students`;
CREATE TABLE `demo_students` (
  `student_id` int(11) unsigned NOT NULL AUTO_INCREMENT,
  `student_name` varchar(50) COLLATE utf8_unicode_ci NOT NULL COMMENT 'е§“еҗҚ',
  `age` int(11) NOT NULL DEFAULT '18' COMMENT 'е№ҙйҫ„',
  `gender` varchar(50) COLLATE utf8_unicode_ci NOT NULL DEFAULT '' COMMENT 'жҖ§еҲ«',
  `class_name` varchar(20) COLLATE utf8_unicode_ci NOT NULL COMMENT 'зҸӯзә§еҗҚз§°',
  `admission_date` datetime NOT NULL COMMENT 'е…ҘеӯҰж—Ҙжңҹ',
  `email` varchar(100) COLLATE utf8_unicode_ci DEFAULT NULL COMMENT ' йӮ®з®ұ',
  `phone` varchar(20) COLLATE utf8_unicode_ci DEFAULT NULL COMMENT 'з”өиҜқеҸ·з Ғ',
  `address` text COLLATE utf8_unicode_ci COMMENT 'ең°еқҖ',
  `created_at` datetime DEFAULT NULL COMMENT 'еҲӣе»әж—¶й—ҙ',
  `updated_at` datetime DEFAULT NULL COMMENT 'жӣҙж–°ж—¶й—ҙ',
  `deleted_at` datetime DEFAULT NULL COMMENT 'еҲ йҷӨж—¶й—ҙ',
  `created_by` int(11) unsigned DEFAULT '0' COMMENT 'еҲӣе»әдәә',
  `tenant_id` int(11) unsigned DEFAULT '0' COMMENT 'з§ҹжҲ·IDеӯ—ж®ө',
  PRIMARY KEY (`student_id`) USING BTREE
) ENGINE=InnoDB DEFAULT CHARSET=utf8 COLLATE=utf8_unicode_ci ROW_FORMAT=DYNAMIC COMMENT='еӯҰе‘ҳз®ЎзҗҶ';

-- ----------------------------
-- Records of demo_students
-- ----------------------------

-- ----------------------------
-- Table structure for demo_teacher
-- ----------------------------
DROP TABLE IF EXISTS `demo_teacher`;
CREATE TABLE `demo_teacher` (
  `id` int(11) unsigned NOT NULL AUTO_INCREMENT COMMENT 'дё»й”®ID',
  `name` varchar(50) NOT NULL COMMENT 'ж•ҷеёҲе§“еҗҚ',
  `employee_id` varchar(20) DEFAULT NULL COMMENT 'е·ҘеҸ·',
  `gender` tinyint(1) DEFAULT '0' COMMENT 'жҖ§еҲ«пјҡ0-жңӘзҹҘ 1-з”· 2-еҘі',
  `phone` varchar(20) DEFAULT NULL COMMENT 'жүӢжңәеҸ·',
  `email` varchar(100) DEFAULT NULL COMMENT 'йӮ®з®ұ',
  `subject` varchar(50) DEFAULT NULL COMMENT 'жүҖж•ҷеӯҰз§‘',
  `title` varchar(50) DEFAULT NULL COMMENT 'иҒҢз§°',
  `status` tinyint(1) DEFAULT '1' COMMENT 'зҠ¶жҖҒпјҡ0-зҰ»иҒҢ 1-еңЁиҒҢ',
  `hire_date` date DEFAULT NULL COMMENT 'е…ҘиҒҢж—Ҙжңҹ',
  `birth_date` date DEFAULT NULL COMMENT 'еҮәз”ҹж—Ҙжңҹ',
  `created_at` datetime DEFAULT NULL COMMENT 'еҲӣе»әж—¶й—ҙ',
  `updated_at` datetime DEFAULT NULL COMMENT 'жӣҙж–°ж—¶й—ҙ',
  `deleted_at` datetime DEFAULT NULL COMMENT 'еҲ йҷӨж—¶й—ҙ',
  `created_by` int(11) unsigned DEFAULT '0' COMMENT 'еҲӣе»әдәә',
  PRIMARY KEY (`id`) USING BTREE
) ENGINE=InnoDB DEFAULT CHARSET=utf8mb4 ROW_FORMAT=DYNAMIC COMMENT='ж•ҷеёҲиЎЁ';

-- ----------------------------
-- Records of demo_teacher
-- ----------------------------

-- ----------------------------
-- Table structure for example
-- ----------------------------
DROP TABLE IF EXISTS `example`;
CREATE TABLE `example` (
  `id` int(11) unsigned NOT NULL AUTO_INCREMENT,
  `name` varchar(255) COLLATE utf8mb4_unicode_ci NOT NULL COMMENT 'еҗҚз§°',
  `description` varchar(255) COLLATE utf8mb4_unicode_ci DEFAULT NULL COMMENT 'жҸҸиҝ°',
  `created_at` datetime NOT NULL,
  `updated_at` datetime DEFAULT NULL,
  `deleted_at` datetime DEFAULT NULL,
  `created_by` int(11) DEFAULT NULL,
  `tenant_id` int(11) unsigned DEFAULT '0' COMMENT 'з§ҹжҲ·IDеӯ—ж®ө',
  PRIMARY KEY (`id`) USING BTREE
) ENGINE=InnoDB AUTO_INCREMENT=16 DEFAULT CHARSET=utf8mb4 COLLATE=utf8mb4_unicode_ci ROW_FORMAT=DYNAMIC;

-- ----------------------------
-- Records of example
-- ----------------------------
INSERT INTO `example` VALUES ('1', 'йЎ№зӣ®з®ЎзҗҶзі»з»ҹ', 'з”ЁдәҺз®ЎзҗҶйЎ№зӣ®иҝӣеәҰе’Ңд»»еҠЎеҲҶй…Қзҡ„зі»з»ҹ', '2024-01-15 09:30:00', '2024-01-20 14:25:00', null, '1', '1');
INSERT INTO `example` VALUES ('2', 'е®ўжҲ·е…ізі»з®ЎзҗҶ', 'её®еҠ©дјҒдёҡз»ҙжҠӨе®ўжҲ·е…ізі»зҡ„иҪҜд»¶е№іеҸ°', '2024-01-16 10:15:00', '2024-01-22 11:40:00', null, '1', '1');
INSERT INTO `example` VALUES ('3', 'иҙўеҠЎеҲҶжһҗе·Ҙе…·', 'жҸҗдҫӣиҙўеҠЎжҠҘиЎЁе’Ңж•°жҚ®еҲҶжһҗеҠҹиғҪ', '2024-01-17 14:20:00', '2024-01-25 16:30:00', null, '1', '1');
INSERT INTO `example` VALUES ('4', 'еә“еӯҳз®ЎзҗҶзі»з»ҹ', 'е®һж—¶и·ҹиёӘе’Ңз®ЎзҗҶеә“еӯҳж°ҙе№і', '2024-01-18 08:45:00', '2024-01-26 09:15:00', null, '1', '1');
INSERT INTO `example` VALUES ('5', 'дәәеҠӣиө„жәҗе№іеҸ°', 'е‘ҳе·ҘдҝЎжҒҜз®ЎзҗҶе’ҢжӢӣиҒҳжөҒзЁӢдјҳеҢ–', '2024-01-19 11:30:00', '2024-01-27 13:20:00', null, '1', '1');
INSERT INTO `example` VALUES ('6', 'еңЁзәҝеӯҰд№ зі»з»ҹ', 'жҸҗдҫӣиҜҫзЁӢз®ЎзҗҶе’ҢеңЁзәҝеӯҰд№ еҠҹиғҪ', '2024-01-20 15:10:00', '2024-01-28 17:05:00', null, '1', '1');
INSERT INTO `example` VALUES ('7', 'иҗҘй”ҖиҮӘеҠЁеҢ–', 'иҮӘеҠЁеҢ–иҗҘй”Җжҙ»еҠЁе’Ңе®ўжҲ·и·ҹиҝӣ', '2024-01-21 09:00:00', '2024-01-29 10:45:00', null, '1', '1');
INSERT INTO `example` VALUES ('8', 'ж•°жҚ®еҸҜи§ҶеҢ–', 'е°Ҷж•°жҚ®иҪ¬еҢ–дёәзӣҙи§Ӯзҡ„еӣҫиЎЁе’ҢжҠҘе‘Ҡ', '2024-01-22 13:25:00', '2024-01-30 15:30:00', null, '1', '1');
INSERT INTO `example` VALUES ('9', 'з§»еҠЁеә”з”ЁејҖеҸ‘', 'и·Ёе№іеҸ°з§»еҠЁеә”з”ЁејҖеҸ‘жЎҶжһ¶', '2024-01-23 16:40:00', '2024-01-31 18:20:00', null, '1', '1');
INSERT INTO `example` VALUES ('10', 'дә‘еӯҳеӮЁжңҚеҠЎ', 'е®үе…ЁеҸҜйқ зҡ„дә‘з«Ҝж–Үд»¶еӯҳеӮЁи§ЈеҶіж–№жЎҲ', '2024-01-24 10:50:00', '2024-02-01 12:35:00', null, '1', '1');
INSERT INTO `example` VALUES ('11', 'жҷәиғҪе®ўжңҚзі»з»ҹ', 'еҹәдәҺAIзҡ„жҷәиғҪе®ўжҲ·жңҚеҠЎеҠ©жүӢ', '2024-01-25 14:15:00', '2024-02-02 16:10:00', null, '1', '1');
INSERT INTO `example` VALUES ('12', 'дҫӣеә”й“ҫз®ЎзҗҶ', 'дјҳеҢ–дҫӣеә”й“ҫжөҒзЁӢе’Ңзү©жөҒз®ЎзҗҶ', '2024-01-26 08:30:00', '2024-02-03 10:25:00', null, '1', '1');
INSERT INTO `example` VALUES ('13', 'иҙЁйҮҸжҺ§еҲ¶зі»з»ҹ', 'дә§е“ҒиҙЁйҮҸжЈҖжөӢе’ҢжөҒзЁӢзӣ‘жҺ§', '2024-01-27 11:45:00', '2024-02-04 13:40:00', null, '1', '1');
INSERT INTO `example` VALUES ('14', 'дјҒдёҡй—ЁжҲ·зҪ‘з«ҷ', 'дјҒдёҡдҝЎжҒҜеҸ‘еёғе’Ңе‘ҳе·ҘеҚҸдҪңе№іеҸ°', '2024-01-28 15:20:00', '2024-02-05 17:15:00', null, '1', '1');
INSERT INTO `example` VALUES ('15', 'ж•°жҚ®еҲҶжһҗе№іеҸ°', 'еӨ§ж•°жҚ®еӨ„зҗҶе’ҢеҲҶжһҗе·Ҙе…·йӣҶ', '2024-01-29 09:35:00', '2024-02-06 11:30:00', null, '1', '1');

-- ----------------------------
-- Table structure for sys_affix
-- ----------------------------
DROP TABLE IF EXISTS `sys_affix`;
CREATE TABLE `sys_affix` (
  `id` int(11) unsigned NOT NULL AUTO_INCREMENT COMMENT 'ID',
  `name` varchar(255) COLLATE utf8mb4_unicode_ci DEFAULT NULL COMMENT 'ж–Үд»¶еҗҚ',
  `path` varchar(255) COLLATE utf8mb4_unicode_ci DEFAULT NULL COMMENT 'и·Ҝеҫ„',
  `url` varchar(255) COLLATE utf8mb4_unicode_ci DEFAULT NULL COMMENT 'ж–Үд»¶url',
  `file_md5` varchar(32) COLLATE utf8mb4_unicode_ci DEFAULT '' COMMENT 'ж–Үд»¶MD5(з§’дј жЈҖжөӢ)',
  `size` int(10) DEFAULT NULL COMMENT 'ж–Үд»¶еӨ§е°Ҹ',
  `ftype` varchar(100) COLLATE utf8mb4_unicode_ci DEFAULT NULL COMMENT 'ж–Үд»¶зұ»еһӢ',
  `created_at` datetime DEFAULT NULL,
  `updated_at` datetime DEFAULT NULL,
  `deleted_at` datetime DEFAULT NULL,
  `created_by` int(11) DEFAULT NULL,
  `suffix` varchar(100) COLLATE utf8mb4_unicode_ci DEFAULT NULL COMMENT 'ж–Үд»¶еҗҺзјҖ',
  `tenant_id` int(11) unsigned DEFAULT '0' COMMENT 'з§ҹжҲ·IDеӯ—ж®ө',
  `thumbnail_path` varchar(255) COLLATE utf8mb4_unicode_ci DEFAULT NULL COMMENT 'зј©з•Ҙеӣҫи·Ҝеҫ„',
  `thumbnail_name` varchar(255) COLLATE utf8mb4_unicode_ci DEFAULT NULL COMMENT 'зј©з•ҘеӣҫеҗҚз§°',
  `thumbnail_url` varchar(255) COLLATE utf8mb4_unicode_ci DEFAULT NULL COMMENT 'зј©з•ҘеӣҫURL',
  PRIMARY KEY (`id`) USING BTREE,
  KEY `idx_sys_affix_file_md5` (`file_md5`)
) ENGINE=InnoDB AUTO_INCREMENT=2 DEFAULT CHARSET=utf8mb4 COLLATE=utf8mb4_unicode_ci ROW_FORMAT=DYNAMIC;

-- ----------------------------
-- Records of sys_affix
-- ----------------------------

-- ----------------------------
-- Table structure for sys_affix_chunk
-- ----------------------------
DROP TABLE IF EXISTS `sys_affix_chunk`;
CREATE TABLE `sys_affix_chunk` (
  `id` int(11) unsigned NOT NULL AUTO_INCREMENT COMMENT 'ID',
  `upload_id` varchar(64) COLLATE utf8mb4_unicode_ci NOT NULL COMMENT 'дёҠдј дјҡиҜқID',
  `file_md5` varchar(32) COLLATE utf8mb4_unicode_ci NOT NULL COMMENT 'ж–Үд»¶MD5',
  `file_name` varchar(255) COLLATE utf8mb4_unicode_ci DEFAULT NULL COMMENT 'еҺҹе§Ӣж–Үд»¶еҗҚ',
  `file_size` bigint(20) DEFAULT NULL COMMENT 'ж–Үд»¶жҖ»еӨ§е°Ҹ',
  `chunk_size` int(11) DEFAULT NULL COMMENT 'еҲҶзүҮеӨ§е°Ҹ',
  `total_chunks` int(11) DEFAULT NULL COMMENT 'жҖ»еҲҶзүҮж•°',
  `chunk_index` int(11) NOT NULL COMMENT 'еҪ“еүҚеҲҶзүҮеәҸеҸ·',
  `chunk_path` varchar(255) COLLATE utf8mb4_unicode_ci DEFAULT NULL COMMENT 'еҲҶзүҮж–Үд»¶и·Ҝеҫ„',
  `status` tinyint(4) DEFAULT '0' COMMENT '0-дёҠдј дёӯ 1-е·ІеҗҲе№¶ 2-е·ІеҸ–ж¶Ҳ',
  `created_at` datetime DEFAULT NULL,
  `updated_at` datetime DEFAULT NULL,
  `deleted_at` datetime DEFAULT NULL,
  `created_by` int(11) DEFAULT NULL COMMENT 'еҲӣе»әиҖ…ID',
  `tenant_id` int(11) unsigned DEFAULT '0' COMMENT 'з§ҹжҲ·ID',
  PRIMARY KEY (`id`),
  KEY `idx_upload_id` (`upload_id`),
  KEY `idx_file_md5` (`file_md5`)
) ENGINE=InnoDB AUTO_INCREMENT=165 DEFAULT CHARSET=utf8mb4 COLLATE=utf8mb4_unicode_ci ROW_FORMAT=DYNAMIC;

-- ----------------------------
-- Records of sys_affix_chunk
-- ----------------------------

-- ----------------------------
-- Table structure for sys_api
-- ----------------------------
DROP TABLE IF EXISTS `sys_api`;
CREATE TABLE `sys_api` (
  `id` int(11) unsigned NOT NULL AUTO_INCREMENT,
  `title` varchar(255) COLLATE utf8mb4_unicode_ci DEFAULT NULL COMMENT 'жқғйҷҗеҗҚз§°',
  `path` varchar(255) COLLATE utf8mb4_unicode_ci DEFAULT NULL COMMENT 'жқғйҷҗи·Ҝеҫ„',
  `method` varchar(32) COLLATE utf8mb4_unicode_ci DEFAULT NULL COMMENT 'иҜ·жұӮж–№жі•',
  `api_group` varchar(255) COLLATE utf8mb4_unicode_ci DEFAULT NULL COMMENT 'еҲҶз»„',
  `created_at` datetime DEFAULT NULL,
  `updated_at` datetime DEFAULT NULL,
  `deleted_at` datetime DEFAULT NULL,
  `created_by` int(11) unsigned DEFAULT NULL,
  PRIMARY KEY (`id`) USING BTREE
) ENGINE=InnoDB AUTO_INCREMENT=217 DEFAULT CHARSET=utf8mb4 COLLATE=utf8mb4_unicode_ci ROW_FORMAT=DYNAMIC;

-- ----------------------------
-- Records of sys_api
-- ----------------------------
INSERT INTO `sys_api` VALUES ('1', 'з”ЁжҲ·зҷ»еҪ•', '/api/login', 'POST', 'и®ӨиҜҒз®ЎзҗҶ', '2025-09-03 11:13:09', '2025-09-03 11:13:09', null, '1');
INSERT INTO `sys_api` VALUES ('2', 'еҲ·ж–°Token', '/api/refreshToken', 'POST', 'и®ӨиҜҒз®ЎзҗҶ', '2025-09-03 11:13:09', '2025-09-03 11:13:09', null, '1');
INSERT INTO `sys_api` VALUES ('3', 'з”ҹжҲҗйӘҢиҜҒз ҒID', '/api/captcha/id', 'GET', 'и®ӨиҜҒз®ЎзҗҶ', '2025-09-03 11:13:09', '2025-09-03 11:13:09', null, '1');
INSERT INTO `sys_api` VALUES ('4', 'иҺ·еҸ–йӘҢиҜҒз ҒеӣҫзүҮ', '/api/captcha/image', 'GET', 'и®ӨиҜҒз®ЎзҗҶ', '2025-09-03 11:13:09', '2025-09-03 11:13:09', null, '1');
INSERT INTO `sys_api` VALUES ('5', 'з”ЁжҲ·зҷ»еҮә', '/api/users/logout', 'POST', 'и®ӨиҜҒз®ЎзҗҶ', '2025-09-03 11:13:09', '2025-09-03 11:13:09', null, '1');
INSERT INTO `sys_api` VALUES ('6', 'иҺ·еҸ–еҪ“еүҚз”ЁжҲ·дҝЎжҒҜ', '/api/users/profile', 'GET', 'з”ЁжҲ·з®ЎзҗҶ', '2025-09-03 11:13:09', '2025-09-03 11:13:09', null, '1');
INSERT INTO `sys_api` VALUES ('7', 'ж №жҚ®IDиҺ·еҸ–з”ЁжҲ·дҝЎжҒҜ', '/api/users/:id', 'GET', 'з”ЁжҲ·з®ЎзҗҶ', '2025-09-03 11:13:09', '2025-09-03 11:13:09', null, '1');
INSERT INTO `sys_api` VALUES ('8', 'з”ЁжҲ·еҲ—иЎЁ', '/api/users/list', 'GET', 'з”ЁжҲ·з®ЎзҗҶ', '2025-09-03 11:13:09', '2025-09-03 11:13:09', null, '1');
INSERT INTO `sys_api` VALUES ('9', 'ж–°еўһз”ЁжҲ·', '/api/users/add', 'POST', 'з”ЁжҲ·з®ЎзҗҶ', '2025-09-03 11:13:09', '2025-09-03 11:13:09', null, '1');
INSERT INTO `sys_api` VALUES ('10', 'жӣҙж–°з”ЁжҲ·дҝЎжҒҜ', '/api/users/edit', 'PUT', 'з”ЁжҲ·з®ЎзҗҶ', '2025-09-03 11:13:09', '2025-09-03 11:13:09', null, '1');
INSERT INTO `sys_api` VALUES ('11', 'еҲ йҷӨз”ЁжҲ·', '/api/users/delete', 'DELETE', 'з”ЁжҲ·з®ЎзҗҶ', '2025-09-03 11:13:09', '2025-09-03 11:13:09', null, '1');
INSERT INTO `sys_api` VALUES ('12', 'иҺ·еҸ–з”ЁжҲ·жқғйҷҗиҸңеҚ•', '/api/sysMenu/getRouters', 'GET', 'иҸңеҚ•з®ЎзҗҶ', '2025-09-03 11:13:10', '2025-09-03 11:13:10', null, '1');
INSERT INTO `sys_api` VALUES ('13', 'иҺ·еҸ–е®Ңж•ҙиҸңеҚ•еҲ—иЎЁ', '/api/sysMenu/getMenuList', 'GET', 'иҸңеҚ•з®ЎзҗҶ', '2025-09-03 11:13:10', '2025-09-03 11:13:10', null, '1');
INSERT INTO `sys_api` VALUES ('14', 'ж №жҚ®IDиҺ·еҸ–иҸңеҚ•дҝЎжҒҜ', '/api/sysMenu/:id', 'GET', 'иҸңеҚ•з®ЎзҗҶ', '2025-09-03 11:13:10', '2025-09-03 11:13:10', null, '1');
INSERT INTO `sys_api` VALUES ('15', 'ж–°еўһиҸңеҚ•', '/api/sysMenu/add', 'POST', 'иҸңеҚ•з®ЎзҗҶ', '2025-09-03 11:13:10', '2025-09-03 11:13:10', null, '1');
INSERT INTO `sys_api` VALUES ('16', 'жӣҙж–°иҸңеҚ•', '/api/sysMenu/edit', 'PUT', 'иҸңеҚ•з®ЎзҗҶ', '2025-09-03 11:13:10', '2025-09-03 11:13:10', null, '1');
INSERT INTO `sys_api` VALUES ('17', 'еҲ йҷӨиҸңеҚ•', '/api/sysMenu/delete', 'DELETE', 'иҸңеҚ•з®ЎзҗҶ', '2025-09-03 11:13:10', '2025-09-03 11:13:10', null, '1');
INSERT INTO `sys_api` VALUES ('18', 'иҺ·еҸ–йғЁй—ЁеҲ—иЎЁ', '/api/sysDepartment/getDivision', 'GET', 'йғЁй—Ёз®ЎзҗҶ', '2025-09-03 11:13:10', '2025-09-03 11:13:10', null, '1');
INSERT INTO `sys_api` VALUES ('19', 'иҺ·еҸ–жүҖжңүи§’иүІж•°жҚ®', '/api/sysRole/getRoles', 'GET', 'и§’иүІз®ЎзҗҶ', '2025-09-03 11:13:10', '2025-09-03 11:13:10', null, '1');
INSERT INTO `sys_api` VALUES ('20', 'ж №жҚ®и§’иүІIDиҺ·еҸ–и§’иүІиҸңеҚ•жқғйҷҗ', '/api/sysRole/getUserPermission/:roleId', 'GET', 'и§’иүІз®ЎзҗҶ', '2025-09-03 11:13:10', '2025-09-03 11:13:10', null, '1');
INSERT INTO `sys_api` VALUES ('21', 'ж·»еҠ и§’иүІзҡ„иҸңеҚ•жқғйҷҗ', '/api/sysRole/addRoleMenu', 'POST', 'и§’иүІз®ЎзҗҶ', '2025-09-03 11:13:10', '2025-09-03 11:13:10', null, '1');
INSERT INTO `sys_api` VALUES ('22', 'и§’иүІеҲҶйЎөеҲ—иЎЁ', '/api/sysRole/list', 'GET', 'и§’иүІз®ЎзҗҶ', '2025-09-03 11:13:10', '2025-09-03 11:13:10', null, '1');
INSERT INTO `sys_api` VALUES ('23', 'ж №жҚ®IDиҺ·еҸ–и§’иүІдҝЎжҒҜ', '/api/sysRole/:id', 'GET', 'и§’иүІз®ЎзҗҶ', '2025-09-03 11:13:10', '2025-09-03 11:13:10', null, '1');
INSERT INTO `sys_api` VALUES ('24', 'ж–°еўһи§’иүІ', '/api/sysRole/add', 'POST', 'и§’иүІз®ЎзҗҶ', '2025-09-03 11:13:10', '2025-09-03 11:13:10', null, '1');
INSERT INTO `sys_api` VALUES ('25', 'жӣҙж–°и§’иүІ', '/api/sysRole/edit', 'PUT', 'и§’иүІз®ЎзҗҶ', '2025-09-03 11:13:10', '2025-09-03 11:13:10', null, '1');
INSERT INTO `sys_api` VALUES ('26', 'еҲ йҷӨи§’иүІ', '/api/sysRole/delete', 'DELETE', 'и§’иүІз®ЎзҗҶ', '2025-09-03 11:13:10', '2025-09-03 11:13:10', null, '1');
INSERT INTO `sys_api` VALUES ('27', 'иҺ·еҸ–жүҖжңүеӯ—е…ёж•°жҚ®', '/api/sysDict/getAllDicts', 'GET', 'еӯ—е…ёз®ЎзҗҶ', '2025-09-03 11:13:10', '2025-09-03 11:13:10', null, '1');
INSERT INTO `sys_api` VALUES ('28', 'ж №жҚ®еӯ—е…ёзј–з ҒиҺ·еҸ–еӯ—е…ё', '/api/sysDict/getByCode/:code', 'GET', 'еӯ—е…ёз®ЎзҗҶ', '2025-09-03 11:13:10', '2025-09-03 11:13:10', null, '1');
INSERT INTO `sys_api` VALUES ('29', 'APIеҲ—иЎЁ', '/api/sysApi/list', 'GET', 'APIз®ЎзҗҶ', '2025-09-03 11:13:10', '2025-09-03 11:13:10', null, '1');
INSERT INTO `sys_api` VALUES ('30', 'ж №жҚ®IDиҺ·еҸ–APIдҝЎжҒҜ', '/api/sysApi/:id', 'GET', 'APIз®ЎзҗҶ', '2025-09-03 11:13:10', '2025-09-03 11:13:10', null, '1');
INSERT INTO `sys_api` VALUES ('31', 'ж–°еўһAPI', '/api/sysApi/add', 'POST', 'APIз®ЎзҗҶ', '2025-09-03 11:13:10', '2025-09-03 11:13:10', null, '1');
INSERT INTO `sys_api` VALUES ('32', 'жӣҙж–°API', '/api/sysApi/edit', 'PUT', 'APIз®ЎзҗҶ', '2025-09-03 11:13:10', '2025-09-03 11:13:10', null, '1');
INSERT INTO `sys_api` VALUES ('33', 'еҲ йҷӨAPI', '/api/sysApi/delete', 'DELETE', 'APIз®ЎзҗҶ', '2025-09-03 11:13:10', '2025-09-03 11:13:10', null, '1');
INSERT INTO `sys_api` VALUES ('35', 'ж №жҚ®иҸңеҚ•IDиҺ·еҸ–APIзҡ„IDйӣҶеҗҲ', '/api/sysMenu/apis/:id', 'GET', 'иҸңеҚ•з®ЎзҗҶ', '2025-09-04 17:25:14', '2025-09-04 17:25:14', null, '1');
INSERT INTO `sys_api` VALUES ('36', 'и®ҫзҪ®иҸңеҚ•APIжқғйҷҗ', '/api/sysMenu/setApis', 'POST', 'иҸңеҚ•з®ЎзҗҶ', '2025-09-04 17:26:04', '2025-09-04 17:26:04', null, '1');
INSERT INTO `sys_api` VALUES ('37', 'ж №жҚ®IDиҺ·еҸ–йғЁй—ЁдҝЎжҒҜ', '/api/sysDepartment/:id', 'GET', 'йғЁй—Ёз®ЎзҗҶ', '2025-09-12 14:46:42', '2025-09-12 14:46:42', null, '1');
INSERT INTO `sys_api` VALUES ('38', 'ж–°еўһйғЁй—Ё', '/api/sysDepartment/add', 'POST', 'йғЁй—Ёз®ЎзҗҶ', '2025-09-12 14:47:27', '2025-09-12 14:47:27', null, '1');
INSERT INTO `sys_api` VALUES ('39', 'жӣҙж–°йғЁй—Ё', '/api/sysDepartment/edit', 'PUT', 'йғЁй—Ёз®ЎзҗҶ', '2025-09-12 14:48:15', '2025-09-12 14:48:27', null, '1');
INSERT INTO `sys_api` VALUES ('40', 'еҲ йҷӨйғЁй—Ё', '/api/sysDepartment/delete', 'DELETE', 'йғЁй—Ёз®ЎзҗҶ', '2025-09-12 14:49:15', '2025-09-12 14:49:15', null, '1');
INSERT INTO `sys_api` VALUES ('41', 'еӯ—е…ёеҲҶйЎөеҲ—иЎЁ', '/api/sysDict/list', 'GET', 'еӯ—е…ёз®ЎзҗҶ', '2025-09-16 16:31:15', '2025-09-16 16:31:15', null, '1');
INSERT INTO `sys_api` VALUES ('42', 'ж №жҚ®IDиҺ·еҸ–еӯ—е…ёдҝЎжҒҜ', '/api/sysDict/:id', 'GET', 'еӯ—е…ёз®ЎзҗҶ', '2025-09-16 16:31:15', '2025-09-16 16:31:15', null, '1');
INSERT INTO `sys_api` VALUES ('43', 'ж–°еўһеӯ—е…ё', '/api/sysDict/add', 'POST', 'еӯ—е…ёз®ЎзҗҶ', '2025-09-16 16:31:15', '2025-09-16 16:31:15', null, '1');
INSERT INTO `sys_api` VALUES ('44', 'жӣҙж–°еӯ—е…ё', '/api/sysDict/edit', 'PUT', 'еӯ—е…ёз®ЎзҗҶ', '2025-09-16 16:31:15', '2025-09-16 16:31:15', null, '1');
INSERT INTO `sys_api` VALUES ('45', 'еҲ йҷӨеӯ—е…ё', '/api/sysDict/delete', 'DELETE', 'еӯ—е…ёз®ЎзҗҶ', '2025-09-16 16:31:15', '2025-09-16 16:31:15', null, '1');
INSERT INTO `sys_api` VALUES ('46', 'еӯ—е…ёйЎ№еҲ—иЎЁ', '/api/sysDictItem/list', 'GET', 'еӯ—е…ёйЎ№з®ЎзҗҶ', '2025-09-16 16:31:15', '2025-09-16 16:31:15', null, '1');
INSERT INTO `sys_api` VALUES ('47', 'ж №жҚ®IDиҺ·еҸ–еӯ—е…ёйЎ№дҝЎжҒҜ', '/api/sysDictItem/:id', 'GET', 'еӯ—е…ёйЎ№з®ЎзҗҶ', '2025-09-16 16:31:15', '2025-09-16 16:31:15', null, '1');
INSERT INTO `sys_api` VALUES ('48', 'ж №жҚ®еӯ—е…ёIDиҺ·еҸ–еӯ—е…ёйЎ№еҲ—иЎЁ', '/api/sysDictItem/getByDictId/:dictId', 'GET', 'еӯ—е…ёйЎ№з®ЎзҗҶ', '2025-09-16 16:31:15', '2025-09-16 16:31:15', null, '1');
INSERT INTO `sys_api` VALUES ('49', 'ж №жҚ®еӯ—е…ёзј–з ҒиҺ·еҸ–еӯ—е…ёйЎ№еҲ—иЎЁ', '/api/sysDictItem/getByDictCode/:dictCode', 'GET', 'еӯ—е…ёйЎ№з®ЎзҗҶ', '2025-09-16 16:31:15', '2025-09-16 16:31:15', null, '1');
INSERT INTO `sys_api` VALUES ('50', 'ж–°еўһеӯ—е…ёйЎ№', '/api/sysDictItem/add', 'POST', 'еӯ—е…ёйЎ№з®ЎзҗҶ', '2025-09-16 16:31:15', '2025-09-16 16:31:15', null, '1');
INSERT INTO `sys_api` VALUES ('51', 'жӣҙж–°еӯ—е…ёйЎ№', '/api/sysDictItem/edit', 'PUT', 'еӯ—е…ёйЎ№з®ЎзҗҶ', '2025-09-16 16:31:15', '2025-09-16 16:31:15', null, '1');
INSERT INTO `sys_api` VALUES ('52', 'еҲ йҷӨеӯ—е…ёйЎ№', '/api/sysDictItem/delete', 'DELETE', 'еӯ—е…ёйЎ№з®ЎзҗҶ', '2025-09-16 16:31:15', '2025-09-16 16:31:15', null, '1');
INSERT INTO `sys_api` VALUES ('53', 'дҝ®ж”№з”ЁжҲ·еҜҶз ҒгҖҒжүӢжңәеҸ·еҸҠйӮ®з®ұ', '/api/users/updateAccount', 'PUT', 'з”ЁжҲ·з®ЎзҗҶ', '2025-09-18 18:11:01', '2025-09-18 18:11:01', null, '1');
INSERT INTO `sys_api` VALUES ('54', 'еӨҙеғҸдёҠдј ', '/api/users/uploadAvatar', 'POST', 'з”ЁжҲ·з®ЎзҗҶ', '2025-09-24 17:01:05', '2025-09-24 17:01:05', null, '1');
INSERT INTO `sys_api` VALUES ('55', 'дёҠдј ж–Үд»¶', '/api/sysAffix/upload', 'POST', 'ж–Үд»¶з®ЎзҗҶ', '2025-09-25 15:51:04', '2025-09-25 15:51:04', null, '1');
INSERT INTO `sys_api` VALUES ('56', 'еҲ йҷӨж–Үд»¶', '/api/sysAffix/delete', 'DELETE', 'ж–Үд»¶з®ЎзҗҶ', '2025-09-25 15:51:38', '2025-09-25 15:51:38', null, '1');
INSERT INTO `sys_api` VALUES ('57', 'дҝ®ж”№ж–Үд»¶еҗҚ', '/api/sysAffix/updateName', 'PUT', 'ж–Үд»¶з®ЎзҗҶ', '2025-09-25 15:52:31', '2025-09-25 15:52:31', null, '1');
INSERT INTO `sys_api` VALUES ('58', 'ж–Үд»¶еҲ—иЎЁ', '/api/sysAffix/list', 'GET', 'ж–Үд»¶з®ЎзҗҶ', '2025-09-25 15:54:03', '2025-09-25 15:54:03', null, '1');
INSERT INTO `sys_api` VALUES ('59', 'иҺ·еҸ–ж–Үд»¶иҜҰжғ…', '/api/sysAffix/:id', 'GET', 'ж–Үд»¶з®ЎзҗҶ', '2025-09-25 15:54:55', '2025-09-25 15:54:55', null, '1');
INSERT INTO `sys_api` VALUES ('60', 'дёӢиҪҪж–Үд»¶', '/api/sysAffix/download/:id', 'GET', 'ж–Үд»¶з®ЎзҗҶ', '2025-09-25 15:56:15', '2025-09-25 15:58:06', null, '1');
INSERT INTO `sys_api` VALUES ('61', 'и®ҫзҪ®ж•°жҚ®жқғйҷҗ', '/api/sysRole/dataScope', 'PUT', 'и§’иүІз®ЎзҗҶ', '2025-09-26 17:04:15', '2025-09-26 17:04:15', null, '1');
INSERT INTO `sys_api` VALUES ('62', 'иҜ»еҸ–зі»з»ҹй…ҚзҪ®', '/api/config/get', 'GET', 'зі»з»ҹй…ҚзҪ®', '2025-10-09 16:21:29', '2025-10-09 16:21:29', null, '1');
INSERT INTO `sys_api` VALUES ('63', 'дҝ®ж”№зі»з»ҹй…ҚзҪ®', '/api/config/update', 'PUT', 'зі»з»ҹй…ҚзҪ®', '2025-10-09 16:21:59', '2025-10-09 16:22:09', null, '1');
INSERT INTO `sys_api` VALUES ('64', 'жҹҘзңӢеҶ…еӯҳзј“еӯҳ', '/api/config/viewCache', 'GET', 'зі»з»ҹй…ҚзҪ®', '2025-10-10 17:41:33', '2025-10-10 17:41:33', null, '1');
INSERT INTO `sys_api` VALUES ('65', 'еҲ—иЎЁжҹҘиҜў', '/api/plugins/example/list', 'GET', 'жҸ’д»¶зӨәдҫӢ', '2025-10-14 10:54:47', '2025-10-14 10:54:47', null, '1');
INSERT INTO `sys_api` VALUES ('66', 'ж–°еўһ', '/api/plugins/example/add', 'POST', 'жҸ’д»¶зӨәдҫӢ', '2025-10-14 10:56:43', '2025-10-14 10:56:43', null, '1');
INSERT INTO `sys_api` VALUES ('67', 'дҝ®ж”№', '/api/plugins/example/edit', 'PUT', 'жҸ’д»¶зӨәдҫӢ', '2025-10-14 10:57:10', '2025-10-14 10:57:17', null, '1');
INSERT INTO `sys_api` VALUES ('68', 'еҲ йҷӨ', '/api/plugins/example/delete', 'DELETE', 'жҸ’д»¶зӨәдҫӢ', '2025-10-14 10:58:03', '2025-10-14 10:58:03', null, '1');
INSERT INTO `sys_api` VALUES ('69', 'жҹҘиҜўеҚ•жқЎж•°жҚ®', '/api/plugins/example/:id', 'GET', 'жҸ’д»¶зӨәдҫӢ', '2025-10-14 10:59:33', '2025-10-14 10:59:33', null, '1');
INSERT INTO `sys_api` VALUES ('70', 'ж—Ҙеҝ—еҲ—иЎЁ', '/api/sysOperationLog/list', 'GET', 'ж—Ҙеҝ—з®ЎзҗҶ', '2025-10-20 10:10:58', '2025-10-20 10:10:58', null, '1');
INSERT INTO `sys_api` VALUES ('72', 'ж—Ҙеҝ—еҲ йҷӨ', '/api/sysOperationLog/delete', 'DELETE', 'ж—Ҙеҝ—з®ЎзҗҶ', '2025-10-20 10:13:19', '2025-10-20 10:13:19', null, '1');
INSERT INTO `sys_api` VALUES ('73', 'ж—Ҙеҝ—еҜјеҮә', '/api/sysOperationLog/export', 'GET', 'ж—Ҙеҝ—з®ЎзҗҶ', '2025-10-20 10:14:11', '2025-10-20 10:14:11', null, '1');
INSERT INTO `sys_api` VALUES ('74', 'еҜјеҮәиҸңеҚ•', '/api/sysMenu/export', 'GET', 'иҸңеҚ•з®ЎзҗҶ', '2025-10-20 17:17:07', '2025-10-20 17:17:07', null, '1');
INSERT INTO `sys_api` VALUES ('75', 'еҜје…ҘиҸңеҚ•', '/api/sysMenu/import', 'POST', 'иҸңеҚ•з®ЎзҗҶ', '2025-10-21 11:30:34', '2025-10-24 08:59:44', null, '1');
INSERT INTO `sys_api` VALUES ('76', 'з§ҹжҲ·еҲ—иЎЁ', '/api/sysTenant/list', 'GET', 'з§ҹжҲ·з®ЎзҗҶ', '2025-10-24 09:04:18', '2025-10-24 09:04:18', null, '1');
INSERT INTO `sys_api` VALUES ('77', 'ж №жҚ®IDиҺ·еҸ–з§ҹжҲ·дҝЎжҒҜ', '/api/sysTenant/:id', 'GET', 'з§ҹжҲ·з®ЎзҗҶ', '2025-10-24 09:05:23', '2025-10-24 09:05:23', null, '1');
INSERT INTO `sys_api` VALUES ('78', 'ж–°еўһз§ҹжҲ·', '/api/sysTenant/add', 'POST', 'з§ҹжҲ·з®ЎзҗҶ', '2025-10-24 09:06:10', '2025-10-24 09:06:10', null, '1');
INSERT INTO `sys_api` VALUES ('79', 'зј–иҫ‘з§ҹжҲ·', '/api/sysTenant/edit', 'PUT', 'з§ҹжҲ·з®ЎзҗҶ', '2025-10-24 09:06:54', '2025-10-24 09:06:54', null, '1');
INSERT INTO `sys_api` VALUES ('80', 'еҲ йҷӨз§ҹжҲ·', '/api/sysTenant/:id', 'DELETE', 'з§ҹжҲ·з®ЎзҗҶ', '2025-10-24 09:07:47', '2025-10-24 09:07:56', null, '1');
INSERT INTO `sys_api` VALUES ('81', 'з§ҹжҲ·е…іиҒ”еҲ—иЎЁ', '/api/sysUserTenant/list', 'GET', 'з§ҹжҲ·з®ЎзҗҶ', '2025-10-27 17:51:52', '2025-10-27 17:51:52', null, '1');
INSERT INTO `sys_api` VALUES ('82', 'ж №жҚ®з”ЁжҲ·IDе’Ңз§ҹжҲ·IDиҺ·еҸ–з”ЁжҲ·з§ҹжҲ·е…іиҒ”дҝЎжҒҜ', '/api/sysUserTenant/get', 'GET', 'з§ҹжҲ·з®ЎзҗҶ', '2025-10-27 17:53:13', '2025-10-27 17:53:13', null, '1');
INSERT INTO `sys_api` VALUES ('83', 'жү№йҮҸж–°еўһз”ЁжҲ·з§ҹжҲ·е…іиҒ”', '/api/sysUserTenant/batchAdd', 'POST', 'з§ҹжҲ·з®ЎзҗҶ', '2025-10-27 17:53:48', '2025-10-27 17:53:48', null, '1');
INSERT INTO `sys_api` VALUES ('84', 'жү№йҮҸеҲ йҷӨз”ЁжҲ·з§ҹжҲ·е…іиҒ”', '/api/sysUserTenant/batchDelete', 'DELETE', 'з§ҹжҲ·з®ЎзҗҶ', '2025-10-27 17:54:25', '2025-10-27 17:54:25', null, '1');
INSERT INTO `sys_api` VALUES ('85', 'з”ЁжҲ·еҲ—иЎЁ(дёҚйҷҗз§ҹжҲ·)', '/api/sysUserTenant/userListAll', 'GET', 'з”ЁжҲ·з®ЎзҗҶ', '2025-10-28 09:41:19', '2025-10-28 16:32:35', null, '1');
INSERT INTO `sys_api` VALUES ('86', 'иҺ·еҸ–жүҖжңүзҡ„и§’иүІж•°жҚ®(дёҚйҷҗеҲ¶з§ҹжҲ·)', '/api/sysUserTenant/getRolesAll', 'GET', 'з§ҹжҲ·з®ЎзҗҶ', '2025-10-29 09:17:01', '2025-10-29 09:17:01', null, '1');
INSERT INTO `sys_api` VALUES ('87', 'и®ҫзҪ®з”ЁжҲ·и§’иүІ(дёҚйҷҗз§ҹжҲ·)', '/api/sysUserTenant/setUserRoles', 'POST', 'з§ҹжҲ·з®ЎзҗҶ ', '2025-10-29 09:17:50', '2025-10-29 09:17:50', null, '1');
INSERT INTO `sys_api` VALUES ('88', 'иҺ·еҸ–з”ЁжҲ·и§’иүІIDйӣҶеҗҲ(дёҚйҷҗз§ҹжҲ·)', '/api/sysUserTenant/getUserRoleIDs', 'GET', 'з§ҹжҲ·з®ЎзҗҶ', '2025-10-29 09:18:51', '2025-10-29 09:18:51', null, '1');
INSERT INTO `sys_api` VALUES ('89', 'дҝ®ж”№з”ЁжҲ·еҹәжң¬дҝЎжҒҜ', '/api/users/updateBasicInfo', 'PUT', 'з”ЁжҲ·з®ЎзҗҶ', '2025-10-31 09:05:00', '2025-10-31 09:05:00', null, '1');
INSERT INTO `sys_api` VALUES ('105', 'з”ҹжҲҗд»Јз Ғж–Үд»¶', '/api/codegen/generate', 'POST', 'д»Јз Ғз”ҹжҲҗ', '2025-11-07 15:32:53', '2025-11-07 15:32:53', null, '1');
INSERT INTO `sys_api` VALUES ('106', 'иҺ·еҸ–иЎЁзҡ„еӯ—ж®өдҝЎжҒҜ', '/api/codegen/columns', 'GET', 'д»Јз Ғз”ҹжҲҗ', '2025-11-07 15:33:52', '2025-11-07 15:33:52', null, '1');
INSERT INTO `sys_api` VALUES ('187', 'иҺ·еҸ–ж•°жҚ®еә“еҲ—иЎЁ', '/api/codegen/databases', 'GET', 'д»Јз Ғз”ҹжҲҗ', '2025-11-17 15:12:26', '2025-11-17 15:12:26', null, '1');
INSERT INTO `sys_api` VALUES ('188', 'иҺ·еҸ–жҢҮе®ҡж•°жҚ®еә“дёӯзҡ„иЎЁйӣҶеҗҲ', '/api/codegen/tables', 'GET', 'д»Јз Ғз”ҹжҲҗ', '2025-11-17 15:13:38', '2025-11-17 15:13:38', null, '1');
INSERT INTO `sys_api` VALUES ('189', 'д»Јз Ғйў„и§Ҳ', '/api/codegen/preview', 'GET', 'д»Јз Ғз”ҹжҲҗ', '2025-11-17 15:14:25', '2025-11-17 15:14:25', null, '1');
INSERT INTO `sys_api` VALUES ('190', 'д»Јз Ғз”ҹжҲҗй…ҚзҪ®еҲ—иЎЁ', '/api/sysGen/list', 'GET', 'д»Јз Ғз”ҹжҲҗ', '2025-11-17 15:15:20', '2025-11-17 15:15:20', null, '1');
INSERT INTO `sys_api` VALUES ('191', ' жү№йҮҸеҲӣе»әд»Јз Ғз”ҹжҲҗй…ҚзҪ®', '/api/sysGen/batchInsert', 'POST', 'д»Јз Ғз”ҹжҲҗ', '2025-11-17 15:22:46', '2025-11-17 15:22:46', null, '1');
INSERT INTO `sys_api` VALUES ('192', 'иҺ·еҸ–д»Јз Ғз”ҹжҲҗй…ҚзҪ®иҜҰжғ…', '/api/sysGen/:id', 'GET', 'д»Јз Ғз”ҹжҲҗ', '2025-11-17 15:23:29', '2025-11-17 15:23:29', null, '1');
INSERT INTO `sys_api` VALUES ('193', 'жӣҙж–°д»Јз Ғз”ҹжҲҗй…ҚзҪ®е’Ңеӯ—ж®өдҝЎжҒҜ', '/api/sysGen/update', 'PUT', 'д»Јз Ғз”ҹжҲҗ', '2025-11-17 15:24:41', '2025-11-17 15:24:41', null, '1');
INSERT INTO `sys_api` VALUES ('194', 'еҲ йҷӨд»Јз Ғз”ҹжҲҗй…ҚзҪ®е’Ңеӯ—ж®өдҝЎжҒҜ', '/api/sysGen/:id', 'DELETE', 'д»Јз Ғз”ҹжҲҗ', '2025-11-17 15:26:44', '2025-11-17 15:26:44', null, '1');
INSERT INTO `sys_api` VALUES ('195', 'еҲ·ж–°д»Јз Ғз”ҹжҲҗй…ҚзҪ®зҡ„еӯ—ж®өдҝЎжҒҜ', '/api/sysGen/refreshFields', 'PUT', 'д»Јз Ғз”ҹжҲҗ', '2025-11-17 15:27:33', '2025-11-17 15:27:33', null, '1');
INSERT INTO `sys_api` VALUES ('196', 'з”ҹжҲҗиҸңеҚ•', '/api/codegen/insertmenuandapi', 'POST', 'д»Јз Ғз”ҹжҲҗ', '2025-11-26 15:12:56', '2025-11-26 15:12:56', null, '1');
INSERT INTO `sys_api` VALUES ('197', 'жү№йҮҸеҲ йҷӨ', '/api/sysMenu/batchDelete', 'DELETE', 'иҸңеҚ•з®ЎзҗҶ', '2025-12-05 17:48:52', '2025-12-05 17:48:52', null, '1');
INSERT INTO `sys_api` VALUES ('198', 'иҺ·еҸ–жҸ’д»¶еҲ—иЎЁ', '/api/pluginsmanager/exports', 'GET', 'жҸ’д»¶з®ЎзҗҶ', '2025-12-08 16:38:26', '2025-12-08 16:38:26', null, '1');
INSERT INTO `sys_api` VALUES ('199', 'еҜјеҮәжҸ’д»¶', '/api/pluginsmanager/export', 'POST', 'жҸ’д»¶з®ЎзҗҶ', '2025-12-08 16:39:19', '2025-12-08 16:44:36', null, '1');
INSERT INTO `sys_api` VALUES ('200', 'еҜје…ҘжҸ’д»¶', '/api/pluginsmanager/import', 'POST', 'жҸ’д»¶з®ЎзҗҶ', '2025-12-08 16:47:11', '2025-12-08 16:47:11', null, '1');
INSERT INTO `sys_api` VALUES ('201', 'еҚёиҪҪжҸ’д»¶', '/api/pluginsmanager/uninstall', 'DELETE', 'жҸ’д»¶з®ЎзҗҶ', '2025-12-08 16:48:07', '2025-12-08 16:48:07', null, '1');
INSERT INTO `sys_api` VALUES ('202', 'еҲҮжҚўз§ҹжҲ·', '/api/users/switchTenant/:tenantld', 'GET', 'з”ЁжҲ·з®ЎзҗҶ', '2026-01-09 16:29:37', '2026-01-09 16:29:37', null, '1');
INSERT INTO `sys_api` VALUES ('203', 'е®ҡж—¶д»»еҠЎеҲ—иЎЁ', '/api/sysJobs/list', 'GET', 'д»»еҠЎи°ғеәҰ', '2026-02-11 11:56:54', '2026-02-11 11:56:54', null, '1');
INSERT INTO `sys_api` VALUES ('204', 'е®ҡж—¶д»»еҠЎиҺ·еҸ–жүҖжңүжү§иЎҢеҷЁеҲ—иЎЁ', '/api/sysJobs/executors', 'GET', 'д»»еҠЎи°ғеәҰ', '2026-02-12 17:57:47', '2026-02-12 17:57:47', null, '1');
INSERT INTO `sys_api` VALUES ('205', 'е®ҡж—¶д»»еҠЎж–°еўһ', '/api/sysJobs/add', 'POST', 'д»»еҠЎи°ғеәҰ', '2026-02-11 11:57:33', '2026-02-11 11:57:33', null, '1');
INSERT INTO `sys_api` VALUES ('206', 'е®ҡж—¶д»»еҠЎзј–иҫ‘', '/api/sysJobs/edit', 'PUT', 'д»»еҠЎи°ғеәҰ', '2026-02-11 11:57:58', '2026-02-11 11:57:58', null, '1');
INSERT INTO `sys_api` VALUES ('207', 'е®ҡж—¶д»»еҠЎиҺ·еҸ–ж•°жҚ®', '/api/sysJobs/:id', 'GET', 'д»»еҠЎи°ғеәҰ', '2026-02-11 11:59:54', '2026-02-11 11:59:54', null, '1');
INSERT INTO `sys_api` VALUES ('208', 'е®ҡж—¶д»»еҠЎи®ҫзҪ®д»»еҠЎзҠ¶жҖҒ', '/api/sysJobs/setStatus', 'PUT', 'д»»еҠЎи°ғеәҰ', '2026-02-12 17:56:33', '2026-02-12 17:56:33', null, '1');
INSERT INTO `sys_api` VALUES ('209', 'е®ҡж—¶д»»еҠЎеҲ йҷӨ', '/api/sysJobs/delete', 'DELETE', 'д»»еҠЎи°ғеәҰ', '2026-02-11 11:59:05', '2026-02-11 11:59:05', null, '1');
INSERT INTO `sys_api` VALUES ('210', 'е®ҡж—¶д»»еҠЎз«ӢеҚіжү§иЎҢд»»еҠЎ', '/api/sysJobs/executeNow', 'POST', 'д»»еҠЎи°ғеәҰ', '2026-02-12 17:57:07', '2026-02-12 17:57:07', null, '1');
INSERT INTO `sys_api` VALUES ('211', 'е®ҡж—¶д»»еҠЎж—Ҙеҝ—', '/api/sysJobResults/list', 'GET', 'д»»еҠЎи°ғеәҰ', '2026-02-11 12:00:54', '2026-02-11 12:00:54', null, '1');
INSERT INTO `sys_api` VALUES ('212', 'е®ҡж—¶д»»еҠЎж—Ҙеҝ—еҲ йҷӨ', '/api/sysJobResults/delete', 'DELETE', 'д»»еҠЎи°ғеәҰ', '2026-02-11 12:01:22', '2026-02-11 12:01:22', null, '1');
INSERT INTO `sys_api` VALUES ('213', 'еҲҶзүҮдёҠдј еҲқе§ӢеҢ–', '/api/sysAffix/chunk/init', 'POST', 'ж–Үд»¶з®ЎзҗҶ', '2026-04-09 15:12:48', '2026-04-09 15:12:48', null, '1');
INSERT INTO `sys_api` VALUES ('214', 'еҲҶзүҮдёҠдј дёҠдј еҲҶзүҮ', '/api/sysAffix/chunk/upload', 'POST', 'ж–Үд»¶з®ЎзҗҶ', '2026-04-09 15:37:44', '2026-04-09 15:37:44', null, '1');
INSERT INTO `sys_api` VALUES ('215', 'еҲҶзүҮдёҠдј еҗҲе№¶еҲҶзүҮ', '/api/sysAffix/chunk/merge', 'POST', 'ж–Үд»¶з®ЎзҗҶ', '2026-04-09 15:39:26', '2026-04-09 15:39:26', null, '1');
INSERT INTO `sys_api` VALUES ('216', 'еҲҶзүҮдёҠдј еҸ–ж¶ҲдёҠдј ', '/api/sysAffix/chunk/cancel', 'DELETE', 'ж–Үд»¶з®ЎзҗҶ', '2026-04-09 15:43:38', '2026-04-09 15:43:38', null, '1');

-- ----------------------------
-- Table structure for sys_casbin_rule
-- ----------------------------
DROP TABLE IF EXISTS `sys_casbin_rule`;
CREATE TABLE `sys_casbin_rule` (
  `id` int(11) NOT NULL AUTO_INCREMENT,
  `ptype` varchar(100) COLLATE utf8_unicode_ci DEFAULT NULL,
  `v0` varchar(100) COLLATE utf8_unicode_ci DEFAULT NULL,
  `v1` varchar(100) COLLATE utf8_unicode_ci DEFAULT NULL,
  `v2` varchar(100) COLLATE utf8_unicode_ci DEFAULT NULL,
  `v3` varchar(100) COLLATE utf8_unicode_ci DEFAULT NULL,
  `v4` varchar(100) COLLATE utf8_unicode_ci DEFAULT NULL,
  `v5` varchar(100) COLLATE utf8_unicode_ci DEFAULT NULL,
  PRIMARY KEY (`id`) USING BTREE,
  UNIQUE KEY `idx_casbin_rule` (`ptype`,`v0`,`v1`,`v2`,`v3`,`v4`,`v5`) USING BTREE,
  UNIQUE KEY `idx_sys_casbin_rule` (`ptype`,`v0`,`v1`,`v2`,`v3`,`v4`,`v5`)
) ENGINE=InnoDB AUTO_INCREMENT=7561 DEFAULT CHARSET=utf8 COLLATE=utf8_unicode_ci ROW_FORMAT=DYNAMIC;

-- ----------------------------
-- Records of sys_casbin_rule
-- ----------------------------
INSERT INTO `sys_casbin_rule` VALUES ('6266', 'g', 'user_1', 'role_1', '*', '', '', '');
INSERT INTO `sys_casbin_rule` VALUES ('4189', 'g', 'user_4', 'role_2', '*', '', '', '');
INSERT INTO `sys_casbin_rule` VALUES ('7386', 'p', 'role_1', '/api/codegen/generate', 'POST', '*', '', '');
INSERT INTO `sys_casbin_rule` VALUES ('7425', 'p', 'role_1', '/api/codegen/insertmenuandapi', 'POST', '*', '', '');
INSERT INTO `sys_casbin_rule` VALUES ('7443', 'p', 'role_1', '/api/codegen/preview', 'GET', '*', '', '');
INSERT INTO `sys_casbin_rule` VALUES ('7412', 'p', 'role_1', '/api/codegen/tables', 'GET', '*', '', '');
INSERT INTO `sys_casbin_rule` VALUES ('7384', 'p', 'role_1', '/api/config/get', 'GET', '*', '', '');
INSERT INTO `sys_casbin_rule` VALUES ('7452', 'p', 'role_1', '/api/config/update', 'PUT', '*', '', '');
INSERT INTO `sys_casbin_rule` VALUES ('7442', 'p', 'role_1', '/api/config/viewCache', 'GET', '*', '', '');
INSERT INTO `sys_casbin_rule` VALUES ('7469', 'p', 'role_1', '/api/plugins/example/:id', 'GET', '*', '', '');
INSERT INTO `sys_casbin_rule` VALUES ('7463', 'p', 'role_1', '/api/plugins/example/add', 'POST', '*', '', '');
INSERT INTO `sys_casbin_rule` VALUES ('7464', 'p', 'role_1', '/api/plugins/example/delete', 'DELETE', '*', '', '');
INSERT INTO `sys_casbin_rule` VALUES ('7403', 'p', 'role_1', '/api/plugins/example/edit', 'PUT', '*', '', '');
INSERT INTO `sys_casbin_rule` VALUES ('7421', 'p', 'role_1', '/api/plugins/example/list', 'GET', '*', '', '');
INSERT INTO `sys_casbin_rule` VALUES ('7431', 'p', 'role_1', '/api/pluginsmanager/export', 'POST', '*', '', '');
INSERT INTO `sys_casbin_rule` VALUES ('7426', 'p', 'role_1', '/api/pluginsmanager/exports', 'GET', '*', '', '');
INSERT INTO `sys_casbin_rule` VALUES ('7459', 'p', 'role_1', '/api/pluginsmanager/import', 'POST', '*', '', '');
INSERT INTO `sys_casbin_rule` VALUES ('7454', 'p', 'role_1', '/api/pluginsmanager/uninstall', 'DELETE', '*', '', '');
INSERT INTO `sys_casbin_rule` VALUES ('7420', 'p', 'role_1', '/api/sysAffix/delete', 'DELETE', '*', '', '');
INSERT INTO `sys_casbin_rule` VALUES ('7410', 'p', 'role_1', '/api/sysAffix/download/:id', 'GET', '*', '', '');
INSERT INTO `sys_casbin_rule` VALUES ('7419', 'p', 'role_1', '/api/sysAffix/list', 'GET', '*', '', '');
INSERT INTO `sys_casbin_rule` VALUES ('7402', 'p', 'role_1', '/api/sysAffix/updateName', 'PUT', '*', '', '');
INSERT INTO `sys_casbin_rule` VALUES ('7462', 'p', 'role_1', '/api/sysAffix/upload', 'POST', '*', '', '');
INSERT INTO `sys_casbin_rule` VALUES ('7423', 'p', 'role_1', '/api/sysApi/:id', 'GET', '*', '', '');
INSERT INTO `sys_casbin_rule` VALUES ('7461', 'p', 'role_1', '/api/sysApi/add', 'POST', '*', '', '');
INSERT INTO `sys_casbin_rule` VALUES ('7456', 'p', 'role_1', '/api/sysApi/delete', 'DELETE', '*', '', '');
INSERT INTO `sys_casbin_rule` VALUES ('7392', 'p', 'role_1', '/api/sysApi/edit', 'PUT', '*', '', '');
INSERT INTO `sys_casbin_rule` VALUES ('7467', 'p', 'role_1', '/api/sysApi/list', 'GET', '*', '', '');
INSERT INTO `sys_casbin_rule` VALUES ('7432', 'p', 'role_1', '/api/sysDepartment/:id', 'GET', '*', '', '');
INSERT INTO `sys_casbin_rule` VALUES ('7417', 'p', 'role_1', '/api/sysDepartment/add', 'POST', '*', '', '');
INSERT INTO `sys_casbin_rule` VALUES ('7446', 'p', 'role_1', '/api/sysDepartment/delete', 'DELETE', '*', '', '');
INSERT INTO `sys_casbin_rule` VALUES ('7393', 'p', 'role_1', '/api/sysDepartment/edit', 'PUT', '*', '', '');
INSERT INTO `sys_casbin_rule` VALUES ('7429', 'p', 'role_1', '/api/sysDepartment/getDivision', 'GET', '*', '', '');
INSERT INTO `sys_casbin_rule` VALUES ('7447', 'p', 'role_1', '/api/sysDict/add', 'POST', '*', '', '');
INSERT INTO `sys_casbin_rule` VALUES ('7468', 'p', 'role_1', '/api/sysDict/delete', 'DELETE', '*', '', '');
INSERT INTO `sys_casbin_rule` VALUES ('7418', 'p', 'role_1', '/api/sysDict/edit', 'PUT', '*', '', '');
INSERT INTO `sys_casbin_rule` VALUES ('7455', 'p', 'role_1', '/api/sysDict/getAllDicts', 'GET', '*', '', '');
INSERT INTO `sys_casbin_rule` VALUES ('7449', 'p', 'role_1', '/api/sysDict/list', 'GET', '*', '', '');
INSERT INTO `sys_casbin_rule` VALUES ('7457', 'p', 'role_1', '/api/sysDictItem/add', 'POST', '*', '', '');
INSERT INTO `sys_casbin_rule` VALUES ('7409', 'p', 'role_1', '/api/sysDictItem/delete', 'DELETE', '*', '', '');
INSERT INTO `sys_casbin_rule` VALUES ('7401', 'p', 'role_1', '/api/sysDictItem/edit', 'PUT', '*', '', '');
INSERT INTO `sys_casbin_rule` VALUES ('7433', 'p', 'role_1', '/api/sysDictItem/getByDictId/:dictId', 'GET', '*', '', '');
INSERT INTO `sys_casbin_rule` VALUES ('7414', 'p', 'role_1', '/api/sysGen/:id', 'DELETE', '*', '', '');
INSERT INTO `sys_casbin_rule` VALUES ('7413', 'p', 'role_1', '/api/sysGen/:id', 'GET', '*', '', '');
INSERT INTO `sys_casbin_rule` VALUES ('7453', 'p', 'role_1', '/api/sysGen/batchInsert', 'POST', '*', '', '');
INSERT INTO `sys_casbin_rule` VALUES ('7411', 'p', 'role_1', '/api/sysGen/list', 'GET', '*', '', '');
INSERT INTO `sys_casbin_rule` VALUES ('7424', 'p', 'role_1', '/api/sysGen/refreshFields', 'PUT', '*', '', '');
INSERT INTO `sys_casbin_rule` VALUES ('7382', 'p', 'role_1', '/api/sysGen/update', 'PUT', '*', '', '');
INSERT INTO `sys_casbin_rule` VALUES ('7441', 'p', 'role_1', '/api/sysMenu/add', 'POST', '*', '', '');
INSERT INTO `sys_casbin_rule` VALUES ('7391', 'p', 'role_1', '/api/sysMenu/apis/:id', 'GET', '*', '', '');
INSERT INTO `sys_casbin_rule` VALUES ('7390', 'p', 'role_1', '/api/sysMenu/batchDelete', 'DELETE', '*', '', '');
INSERT INTO `sys_casbin_rule` VALUES ('7451', 'p', 'role_1', '/api/sysMenu/delete', 'DELETE', '*', '', '');
INSERT INTO `sys_casbin_rule` VALUES ('7395', 'p', 'role_1', '/api/sysMenu/edit', 'PUT', '*', '', '');
INSERT INTO `sys_casbin_rule` VALUES ('7435', 'p', 'role_1', '/api/sysMenu/export', 'GET', '*', '', '');
INSERT INTO `sys_casbin_rule` VALUES ('7445', 'p', 'role_1', '/api/sysMenu/getMenuList', 'GET', '*', '', '');
INSERT INTO `sys_casbin_rule` VALUES ('7399', 'p', 'role_1', '/api/sysMenu/getRouters', 'GET', '*', '', '');
INSERT INTO `sys_casbin_rule` VALUES ('7458', 'p', 'role_1', '/api/sysMenu/import', 'POST', '*', '', '');
INSERT INTO `sys_casbin_rule` VALUES ('7396', 'p', 'role_1', '/api/sysMenu/setApis', 'POST', '*', '', '');
INSERT INTO `sys_casbin_rule` VALUES ('7428', 'p', 'role_1', '/api/sysOperationLog/delete', 'DELETE', '*', '', '');
INSERT INTO `sys_casbin_rule` VALUES ('7397', 'p', 'role_1', '/api/sysOperationLog/export', 'GET', '*', '', '');
INSERT INTO `sys_casbin_rule` VALUES ('7383', 'p', 'role_1', '/api/sysOperationLog/list', 'GET', '*', '', '');
INSERT INTO `sys_casbin_rule` VALUES ('7450', 'p', 'role_1', '/api/sysRole/add', 'POST', '*', '', '');
INSERT INTO `sys_casbin_rule` VALUES ('7408', 'p', 'role_1', '/api/sysRole/addRoleMenu', 'POST', '*', '', '');
INSERT INTO `sys_casbin_rule` VALUES ('7434', 'p', 'role_1', '/api/sysRole/dataScope', 'PUT', '*', '', '');
INSERT INTO `sys_casbin_rule` VALUES ('7389', 'p', 'role_1', '/api/sysRole/delete', 'DELETE', '*', '', '');
INSERT INTO `sys_casbin_rule` VALUES ('7400', 'p', 'role_1', '/api/sysRole/edit', 'PUT', '*', '', '');
INSERT INTO `sys_casbin_rule` VALUES ('7415', 'p', 'role_1', '/api/sysRole/getRoles', 'GET', '*', '', '');
INSERT INTO `sys_casbin_rule` VALUES ('7416', 'p', 'role_1', '/api/sysRole/getUserPermission/:roleId', 'GET', '*', '', '');
INSERT INTO `sys_casbin_rule` VALUES ('7430', 'p', 'role_1', '/api/sysTenant/:id', 'DELETE', '*', '', '');
INSERT INTO `sys_casbin_rule` VALUES ('7398', 'p', 'role_1', '/api/sysTenant/:id', 'GET', '*', '', '');
INSERT INTO `sys_casbin_rule` VALUES ('7385', 'p', 'role_1', '/api/sysTenant/add', 'POST', '*', '', '');
INSERT INTO `sys_casbin_rule` VALUES ('7436', 'p', 'role_1', '/api/sysTenant/edit', 'PUT', '*', '', '');
INSERT INTO `sys_casbin_rule` VALUES ('7404', 'p', 'role_1', '/api/sysTenant/list', 'GET', '*', '', '');
INSERT INTO `sys_casbin_rule` VALUES ('7405', 'p', 'role_1', '/api/sysUserTenant/batchAdd', 'POST', '*', '', '');
INSERT INTO `sys_casbin_rule` VALUES ('7422', 'p', 'role_1', '/api/sysUserTenant/batchDelete', 'DELETE', '*', '', '');
INSERT INTO `sys_casbin_rule` VALUES ('7438', 'p', 'role_1', '/api/sysUserTenant/get', 'GET', '*', '', '');
INSERT INTO `sys_casbin_rule` VALUES ('7406', 'p', 'role_1', '/api/sysUserTenant/getRolesAll', 'GET', '*', '', '');
INSERT INTO `sys_casbin_rule` VALUES ('7381', 'p', 'role_1', '/api/sysUserTenant/getUserRoleIDs', 'GET', '*', '', '');
INSERT INTO `sys_casbin_rule` VALUES ('7437', 'p', 'role_1', '/api/sysUserTenant/list', 'GET', '*', '', '');
INSERT INTO `sys_casbin_rule` VALUES ('7439', 'p', 'role_1', '/api/sysUserTenant/setUserRoles', 'POST', '*', '', '');
INSERT INTO `sys_casbin_rule` VALUES ('7470', 'p', 'role_1', '/api/sysUserTenant/userListAll', 'GET', '*', '', '');
INSERT INTO `sys_casbin_rule` VALUES ('7444', 'p', 'role_1', '/api/users/:id', 'GET', '*', '', '');
INSERT INTO `sys_casbin_rule` VALUES ('7387', 'p', 'role_1', '/api/users/add', 'POST', '*', '', '');
INSERT INTO `sys_casbin_rule` VALUES ('7388', 'p', 'role_1', '/api/users/delete', 'DELETE', '*', '', '');
INSERT INTO `sys_casbin_rule` VALUES ('7460', 'p', 'role_1', '/api/users/edit', 'PUT', '*', '', '');
INSERT INTO `sys_casbin_rule` VALUES ('7466', 'p', 'role_1', '/api/users/list', 'GET', '*', '', '');
INSERT INTO `sys_casbin_rule` VALUES ('7440', 'p', 'role_1', '/api/users/logout', 'POST', '*', '', '');
INSERT INTO `sys_casbin_rule` VALUES ('7427', 'p', 'role_1', '/api/users/profile', 'GET', '*', '', '');
INSERT INTO `sys_casbin_rule` VALUES ('7407', 'p', 'role_1', '/api/users/switchTenant/:tenantld', 'GET', '*', '', '');
INSERT INTO `sys_casbin_rule` VALUES ('7394', 'p', 'role_1', '/api/users/updateAccount', 'PUT', '*', '', '');
INSERT INTO `sys_casbin_rule` VALUES ('7465', 'p', 'role_1', '/api/users/updateBasicInfo', 'PUT', '*', '', '');
INSERT INTO `sys_casbin_rule` VALUES ('7448', 'p', 'role_1', '/api/users/uploadAvatar', 'POST', '*', '', '');
INSERT INTO `sys_casbin_rule` VALUES ('4148', 'p', 'role_10', '/api/config/get', 'GET', '*', '', '');
INSERT INTO `sys_casbin_rule` VALUES ('4155', 'p', 'role_10', '/api/config/update', 'PUT', '*', '', '');
INSERT INTO `sys_casbin_rule` VALUES ('4162', 'p', 'role_10', '/api/config/viewCache', 'GET', '*', '', '');
INSERT INTO `sys_casbin_rule` VALUES ('4168', 'p', 'role_10', '/api/sysAffix/list', 'GET', '*', '', '');
INSERT INTO `sys_casbin_rule` VALUES ('4125', 'p', 'role_10', '/api/sysApi/*', 'GET', '*', '', '');
INSERT INTO `sys_casbin_rule` VALUES ('4175', 'p', 'role_10', '/api/sysApi/add', 'POST', '*', '', '');
INSERT INTO `sys_casbin_rule` VALUES ('4179', 'p', 'role_10', '/api/sysApi/delete', 'DELETE', '*', '', '');
INSERT INTO `sys_casbin_rule` VALUES ('4153', 'p', 'role_10', '/api/sysApi/edit', 'PUT', '*', '', '');
INSERT INTO `sys_casbin_rule` VALUES ('4158', 'p', 'role_10', '/api/sysApi/list', 'GET', '*', '', '');
INSERT INTO `sys_casbin_rule` VALUES ('4176', 'p', 'role_10', '/api/sysDepartment/add', 'POST', '*', '', '');
INSERT INTO `sys_casbin_rule` VALUES ('4133', 'p', 'role_10', '/api/sysDepartment/delete', 'DELETE', '*', '', '');
INSERT INTO `sys_casbin_rule` VALUES ('4167', 'p', 'role_10', '/api/sysDepartment/edit', 'PUT', '*', '', '');
INSERT INTO `sys_casbin_rule` VALUES ('4122', 'p', 'role_10', '/api/sysDepartment/getDivision', 'GET', '*', '', '');
INSERT INTO `sys_casbin_rule` VALUES ('4136', 'p', 'role_10', '/api/sysDict/add', 'POST', '*', '', '');
INSERT INTO `sys_casbin_rule` VALUES ('4144', 'p', 'role_10', '/api/sysDict/delete', 'DELETE', '*', '', '');
INSERT INTO `sys_casbin_rule` VALUES ('4137', 'p', 'role_10', '/api/sysDict/edit', 'PUT', '*', '', '');
INSERT INTO `sys_casbin_rule` VALUES ('4184', 'p', 'role_10', '/api/sysDict/getAllDicts', 'GET', '*', '', '');
INSERT INTO `sys_casbin_rule` VALUES ('4139', 'p', 'role_10', '/api/sysDict/list', 'GET', '*', '', '');
INSERT INTO `sys_casbin_rule` VALUES ('4146', 'p', 'role_10', '/api/sysDictItem/add', 'POST', '*', '', '');
INSERT INTO `sys_casbin_rule` VALUES ('4154', 'p', 'role_10', '/api/sysDictItem/delete', 'DELETE', '*', '', '');
INSERT INTO `sys_casbin_rule` VALUES ('4147', 'p', 'role_10', '/api/sysDictItem/edit', 'PUT', '*', '', '');
INSERT INTO `sys_casbin_rule` VALUES ('4141', 'p', 'role_10', '/api/sysDictItem/getByDictId/*', 'GET', '*', '', '');
INSERT INTO `sys_casbin_rule` VALUES ('4174', 'p', 'role_10', '/api/sysMenu/add', 'POST', '*', '', '');
INSERT INTO `sys_casbin_rule` VALUES ('4145', 'p', 'role_10', '/api/sysMenu/apis/*', 'GET', '*', '', '');
INSERT INTO `sys_casbin_rule` VALUES ('4124', 'p', 'role_10', '/api/sysMenu/delete', 'DELETE', '*', '', '');
INSERT INTO `sys_casbin_rule` VALUES ('4123', 'p', 'role_10', '/api/sysMenu/edit', 'PUT', '*', '', '');
INSERT INTO `sys_casbin_rule` VALUES ('4172', 'p', 'role_10', '/api/sysMenu/export', 'GET', '*', '', '');
INSERT INTO `sys_casbin_rule` VALUES ('4177', 'p', 'role_10', '/api/sysMenu/getMenuList', 'GET', '*', '', '');
INSERT INTO `sys_casbin_rule` VALUES ('4150', 'p', 'role_10', '/api/sysMenu/getRouters', 'GET', '*', '', '');
INSERT INTO `sys_casbin_rule` VALUES ('4126', 'p', 'role_10', '/api/sysMenu/import', 'POST', '*', '', '');
INSERT INTO `sys_casbin_rule` VALUES ('4161', 'p', 'role_10', '/api/sysMenu/setApis', 'POST', '*', '', '');
INSERT INTO `sys_casbin_rule` VALUES ('4134', 'p', 'role_10', '/api/sysOperationLog/delete', 'DELETE', '*', '', '');
INSERT INTO `sys_casbin_rule` VALUES ('4156', 'p', 'role_10', '/api/sysOperationLog/export', 'GET', '*', '', '');
INSERT INTO `sys_casbin_rule` VALUES ('4131', 'p', 'role_10', '/api/sysOperationLog/list', 'GET', '*', '', '');
INSERT INTO `sys_casbin_rule` VALUES ('4128', 'p', 'role_10', '/api/sysRole/add', 'POST', '*', '', '');
INSERT INTO `sys_casbin_rule` VALUES ('4135', 'p', 'role_10', '/api/sysRole/addRoleMenu', 'POST', '*', '', '');
INSERT INTO `sys_casbin_rule` VALUES ('4151', 'p', 'role_10', '/api/sysRole/dataScope', 'PUT', '*', '', '');
INSERT INTO `sys_casbin_rule` VALUES ('4140', 'p', 'role_10', '/api/sysRole/delete', 'DELETE', '*', '', '');
INSERT INTO `sys_casbin_rule` VALUES ('4166', 'p', 'role_10', '/api/sysRole/edit', 'PUT', '*', '', '');
INSERT INTO `sys_casbin_rule` VALUES ('4130', 'p', 'role_10', '/api/sysRole/getRoles', 'GET', '*', '', '');
INSERT INTO `sys_casbin_rule` VALUES ('4132', 'p', 'role_10', '/api/sysRole/getUserPermission/*', 'GET', '*', '', '');
INSERT INTO `sys_casbin_rule` VALUES ('4163', 'p', 'role_10', '/api/sysTenant/*', 'DELETE', '*', '', '');
INSERT INTO `sys_casbin_rule` VALUES ('4142', 'p', 'role_10', '/api/sysTenant/*', 'GET', '*', '', '');
INSERT INTO `sys_casbin_rule` VALUES ('4180', 'p', 'role_10', '/api/sysTenant/add', 'POST', '*', '', '');
INSERT INTO `sys_casbin_rule` VALUES ('4157', 'p', 'role_10', '/api/sysTenant/edit', 'PUT', '*', '', '');
INSERT INTO `sys_casbin_rule` VALUES ('4173', 'p', 'role_10', '/api/sysTenant/list', 'GET', '*', '', '');
INSERT INTO `sys_casbin_rule` VALUES ('4164', 'p', 'role_10', '/api/sysUserTenant/batchAdd', 'POST', '*', '', '');
INSERT INTO `sys_casbin_rule` VALUES ('4169', 'p', 'role_10', '/api/sysUserTenant/batchDelete', 'DELETE', '*', '', '');
INSERT INTO `sys_casbin_rule` VALUES ('4149', 'p', 'role_10', '/api/sysUserTenant/get', 'GET', '*', '', '');
INSERT INTO `sys_casbin_rule` VALUES ('4182', 'p', 'role_10', '/api/sysUserTenant/getRolesAll', 'GET', '*', '', '');
INSERT INTO `sys_casbin_rule` VALUES ('4152', 'p', 'role_10', '/api/sysUserTenant/getUserRoleIDs', 'GET', '*', '', '');
INSERT INTO `sys_casbin_rule` VALUES ('4165', 'p', 'role_10', '/api/sysUserTenant/list', 'GET', '*', '', '');
INSERT INTO `sys_casbin_rule` VALUES ('4129', 'p', 'role_10', '/api/sysUserTenant/setUserRoles', 'POST', '*', '', '');
INSERT INTO `sys_casbin_rule` VALUES ('4181', 'p', 'role_10', '/api/sysUserTenant/userListAll', 'GET', '*', '', '');
INSERT INTO `sys_casbin_rule` VALUES ('4127', 'p', 'role_10', '/api/users/*', 'GET', '*', '', '');
INSERT INTO `sys_casbin_rule` VALUES ('4159', 'p', 'role_10', '/api/users/add', 'POST', '*', '', '');
INSERT INTO `sys_casbin_rule` VALUES ('4160', 'p', 'role_10', '/api/users/delete', 'DELETE', '*', '', '');
INSERT INTO `sys_casbin_rule` VALUES ('4178', 'p', 'role_10', '/api/users/edit', 'PUT', '*', '', '');
INSERT INTO `sys_casbin_rule` VALUES ('4143', 'p', 'role_10', '/api/users/list', 'GET', '*', '', '');
INSERT INTO `sys_casbin_rule` VALUES ('4170', 'p', 'role_10', '/api/users/logout', 'POST', '*', '', '');
INSERT INTO `sys_casbin_rule` VALUES ('4183', 'p', 'role_10', '/api/users/profile', 'GET', '*', '', '');
INSERT INTO `sys_casbin_rule` VALUES ('4138', 'p', 'role_10', '/api/users/updateAccount', 'PUT', '*', '', '');
INSERT INTO `sys_casbin_rule` VALUES ('4171', 'p', 'role_10', '/api/users/uploadAvatar', 'POST', '*', '', '');
INSERT INTO `sys_casbin_rule` VALUES ('7481', 'p', 'role_2', '/api/codegen/generate', 'POST', '*', '', '');
INSERT INTO `sys_casbin_rule` VALUES ('7540', 'p', 'role_2', '/api/codegen/insertmenuandapi', 'POST', '*', '', '');
INSERT INTO `sys_casbin_rule` VALUES ('7539', 'p', 'role_2', '/api/codegen/preview', 'GET', '*', '', '');
INSERT INTO `sys_casbin_rule` VALUES ('7497', 'p', 'role_2', '/api/codegen/tables', 'GET', '*', '', '');
INSERT INTO `sys_casbin_rule` VALUES ('7550', 'p', 'role_2', '/api/config/get', 'GET', '*', '', '');
INSERT INTO `sys_casbin_rule` VALUES ('7553', 'p', 'role_2', '/api/config/update', 'PUT', '*', '', '');
INSERT INTO `sys_casbin_rule` VALUES ('7472', 'p', 'role_2', '/api/config/viewCache', 'GET', '*', '', '');
INSERT INTO `sys_casbin_rule` VALUES ('7532', 'p', 'role_2', '/api/plugins/example/:id', 'GET', '*', '', '');
INSERT INTO `sys_casbin_rule` VALUES ('7473', 'p', 'role_2', '/api/plugins/example/add', 'POST', '*', '', '');
INSERT INTO `sys_casbin_rule` VALUES ('7512', 'p', 'role_2', '/api/plugins/example/delete', 'DELETE', '*', '', '');
INSERT INTO `sys_casbin_rule` VALUES ('7549', 'p', 'role_2', '/api/plugins/example/edit', 'PUT', '*', '', '');
INSERT INTO `sys_casbin_rule` VALUES ('7541', 'p', 'role_2', '/api/plugins/example/list', 'GET', '*', '', '');
INSERT INTO `sys_casbin_rule` VALUES ('7524', 'p', 'role_2', '/api/pluginsmanager/export', 'POST', '*', '', '');
INSERT INTO `sys_casbin_rule` VALUES ('7523', 'p', 'role_2', '/api/pluginsmanager/exports', 'GET', '*', '', '');
INSERT INTO `sys_casbin_rule` VALUES ('7486', 'p', 'role_2', '/api/pluginsmanager/import', 'POST', '*', '', '');
INSERT INTO `sys_casbin_rule` VALUES ('7525', 'p', 'role_2', '/api/pluginsmanager/uninstall', 'DELETE', '*', '', '');
INSERT INTO `sys_casbin_rule` VALUES ('7480', 'p', 'role_2', '/api/sysAffix/delete', 'DELETE', '*', '', '');
INSERT INTO `sys_casbin_rule` VALUES ('7506', 'p', 'role_2', '/api/sysAffix/download/:id', 'GET', '*', '', '');
INSERT INTO `sys_casbin_rule` VALUES ('7552', 'p', 'role_2', '/api/sysAffix/list', 'GET', '*', '', '');
INSERT INTO `sys_casbin_rule` VALUES ('7521', 'p', 'role_2', '/api/sysAffix/updateName', 'PUT', '*', '', '');
INSERT INTO `sys_casbin_rule` VALUES ('7556', 'p', 'role_2', '/api/sysAffix/upload', 'POST', '*', '', '');
INSERT INTO `sys_casbin_rule` VALUES ('7529', 'p', 'role_2', '/api/sysApi/:id', 'GET', '*', '', '');
INSERT INTO `sys_casbin_rule` VALUES ('7518', 'p', 'role_2', '/api/sysApi/add', 'POST', '*', '', '');
INSERT INTO `sys_casbin_rule` VALUES ('7479', 'p', 'role_2', '/api/sysApi/delete', 'DELETE', '*', '', '');
INSERT INTO `sys_casbin_rule` VALUES ('7484', 'p', 'role_2', '/api/sysApi/edit', 'PUT', '*', '', '');
INSERT INTO `sys_casbin_rule` VALUES ('7476', 'p', 'role_2', '/api/sysApi/list', 'GET', '*', '', '');
INSERT INTO `sys_casbin_rule` VALUES ('7500', 'p', 'role_2', '/api/sysDepartment/:id', 'GET', '*', '', '');
INSERT INTO `sys_casbin_rule` VALUES ('7530', 'p', 'role_2', '/api/sysDepartment/add', 'POST', '*', '', '');
INSERT INTO `sys_casbin_rule` VALUES ('7519', 'p', 'role_2', '/api/sysDepartment/delete', 'DELETE', '*', '', '');
INSERT INTO `sys_casbin_rule` VALUES ('7560', 'p', 'role_2', '/api/sysDepartment/edit', 'PUT', '*', '', '');
INSERT INTO `sys_casbin_rule` VALUES ('7510', 'p', 'role_2', '/api/sysDepartment/getDivision', 'GET', '*', '', '');
INSERT INTO `sys_casbin_rule` VALUES ('7547', 'p', 'role_2', '/api/sysDict/add', 'POST', '*', '', '');
INSERT INTO `sys_casbin_rule` VALUES ('7520', 'p', 'role_2', '/api/sysDict/delete', 'DELETE', '*', '', '');
INSERT INTO `sys_casbin_rule` VALUES ('7531', 'p', 'role_2', '/api/sysDict/edit', 'PUT', '*', '', '');
INSERT INTO `sys_casbin_rule` VALUES ('7534', 'p', 'role_2', '/api/sysDict/getAllDicts', 'GET', '*', '', '');
INSERT INTO `sys_casbin_rule` VALUES ('7475', 'p', 'role_2', '/api/sysDict/list', 'GET', '*', '', '');
INSERT INTO `sys_casbin_rule` VALUES ('7502', 'p', 'role_2', '/api/sysDictItem/add', 'POST', '*', '', '');
INSERT INTO `sys_casbin_rule` VALUES ('7548', 'p', 'role_2', '/api/sysDictItem/delete', 'DELETE', '*', '', '');
INSERT INTO `sys_casbin_rule` VALUES ('7495', 'p', 'role_2', '/api/sysDictItem/edit', 'PUT', '*', '', '');
INSERT INTO `sys_casbin_rule` VALUES ('7501', 'p', 'role_2', '/api/sysDictItem/getByDictId/:dictId', 'GET', '*', '', '');
INSERT INTO `sys_casbin_rule` VALUES ('7522', 'p', 'role_2', '/api/sysGen/:id', 'DELETE', '*', '', '');
INSERT INTO `sys_casbin_rule` VALUES ('7498', 'p', 'role_2', '/api/sysGen/:id', 'GET', '*', '', '');
INSERT INTO `sys_casbin_rule` VALUES ('7538', 'p', 'role_2', '/api/sysGen/batchInsert', 'POST', '*', '', '');
INSERT INTO `sys_casbin_rule` VALUES ('7490', 'p', 'role_2', '/api/sysGen/list', 'GET', '*', '', '');
INSERT INTO `sys_casbin_rule` VALUES ('7517', 'p', 'role_2', '/api/sysGen/refreshFields', 'PUT', '*', '', '');
INSERT INTO `sys_casbin_rule` VALUES ('7558', 'p', 'role_2', '/api/sysGen/update', 'PUT', '*', '', '');
INSERT INTO `sys_casbin_rule` VALUES ('7505', 'p', 'role_2', '/api/sysMenu/add', 'POST', '*', '', '');
INSERT INTO `sys_casbin_rule` VALUES ('7491', 'p', 'role_2', '/api/sysMenu/apis/:id', 'GET', '*', '', '');
INSERT INTO `sys_casbin_rule` VALUES ('7535', 'p', 'role_2', '/api/sysMenu/batchDelete', 'DELETE', '*', '', '');
INSERT INTO `sys_casbin_rule` VALUES ('7478', 'p', 'role_2', '/api/sysMenu/delete', 'DELETE', '*', '', '');
INSERT INTO `sys_casbin_rule` VALUES ('7483', 'p', 'role_2', '/api/sysMenu/edit', 'PUT', '*', '', '');
INSERT INTO `sys_casbin_rule` VALUES ('7485', 'p', 'role_2', '/api/sysMenu/export', 'GET', '*', '', '');
INSERT INTO `sys_casbin_rule` VALUES ('7559', 'p', 'role_2', '/api/sysMenu/getMenuList', 'GET', '*', '', '');
INSERT INTO `sys_casbin_rule` VALUES ('7527', 'p', 'role_2', '/api/sysMenu/getRouters', 'GET', '*', '', '');
INSERT INTO `sys_casbin_rule` VALUES ('7507', 'p', 'role_2', '/api/sysMenu/import', 'POST', '*', '', '');
INSERT INTO `sys_casbin_rule` VALUES ('7546', 'p', 'role_2', '/api/sysMenu/setApis', 'POST', '*', '', '');
INSERT INTO `sys_casbin_rule` VALUES ('7533', 'p', 'role_2', '/api/sysOperationLog/delete', 'DELETE', '*', '', '');
INSERT INTO `sys_casbin_rule` VALUES ('7513', 'p', 'role_2', '/api/sysOperationLog/export', 'GET', '*', '', '');
INSERT INTO `sys_casbin_rule` VALUES ('7544', 'p', 'role_2', '/api/sysOperationLog/list', 'GET', '*', '', '');
INSERT INTO `sys_casbin_rule` VALUES ('7511', 'p', 'role_2', '/api/sysRole/add', 'POST', '*', '', '');
INSERT INTO `sys_casbin_rule` VALUES ('7487', 'p', 'role_2', '/api/sysRole/addRoleMenu', 'POST', '*', '', '');
INSERT INTO `sys_casbin_rule` VALUES ('7471', 'p', 'role_2', '/api/sysRole/dataScope', 'PUT', '*', '', '');
INSERT INTO `sys_casbin_rule` VALUES ('7528', 'p', 'role_2', '/api/sysRole/delete', 'DELETE', '*', '', '');
INSERT INTO `sys_casbin_rule` VALUES ('7482', 'p', 'role_2', '/api/sysRole/edit', 'PUT', '*', '', '');
INSERT INTO `sys_casbin_rule` VALUES ('7551', 'p', 'role_2', '/api/sysRole/getRoles', 'GET', '*', '', '');
INSERT INTO `sys_casbin_rule` VALUES ('7477', 'p', 'role_2', '/api/sysRole/getUserPermission/:roleId', 'GET', '*', '', '');
INSERT INTO `sys_casbin_rule` VALUES ('7555', 'p', 'role_2', '/api/sysTenant/:id', 'DELETE', '*', '', '');
INSERT INTO `sys_casbin_rule` VALUES ('7508', 'p', 'role_2', '/api/sysTenant/:id', 'GET', '*', '', '');
INSERT INTO `sys_casbin_rule` VALUES ('7514', 'p', 'role_2', '/api/sysTenant/add', 'POST', '*', '', '');
INSERT INTO `sys_casbin_rule` VALUES ('7554', 'p', 'role_2', '/api/sysTenant/edit', 'PUT', '*', '', '');
INSERT INTO `sys_casbin_rule` VALUES ('7503', 'p', 'role_2', '/api/sysTenant/list', 'GET', '*', '', '');
INSERT INTO `sys_casbin_rule` VALUES ('7515', 'p', 'role_2', '/api/sysUserTenant/batchAdd', 'POST', '*', '', '');
INSERT INTO `sys_casbin_rule` VALUES ('7496', 'p', 'role_2', '/api/sysUserTenant/batchDelete', 'DELETE', '*', '', '');
INSERT INTO `sys_casbin_rule` VALUES ('7537', 'p', 'role_2', '/api/sysUserTenant/get', 'GET', '*', '', '');
INSERT INTO `sys_casbin_rule` VALUES ('7474', 'p', 'role_2', '/api/sysUserTenant/getRolesAll', 'GET', '*', '', '');
INSERT INTO `sys_casbin_rule` VALUES ('7504', 'p', 'role_2', '/api/sysUserTenant/getUserRoleIDs', 'GET', '*', '', '');
INSERT INTO `sys_casbin_rule` VALUES ('7536', 'p', 'role_2', '/api/sysUserTenant/list', 'GET', '*', '', '');
INSERT INTO `sys_casbin_rule` VALUES ('7516', 'p', 'role_2', '/api/sysUserTenant/setUserRoles', 'POST', '*', '', '');
INSERT INTO `sys_casbin_rule` VALUES ('7557', 'p', 'role_2', '/api/sysUserTenant/userListAll', 'GET', '*', '', '');
INSERT INTO `sys_casbin_rule` VALUES ('7488', 'p', 'role_2', '/api/users/:id', 'GET', '*', '', '');
INSERT INTO `sys_casbin_rule` VALUES ('7493', 'p', 'role_2', '/api/users/add', 'POST', '*', '', '');
INSERT INTO `sys_casbin_rule` VALUES ('7494', 'p', 'role_2', '/api/users/delete', 'DELETE', '*', '', '');
INSERT INTO `sys_casbin_rule` VALUES ('7545', 'p', 'role_2', '/api/users/edit', 'PUT', '*', '', '');
INSERT INTO `sys_casbin_rule` VALUES ('7543', 'p', 'role_2', '/api/users/list', 'GET', '*', '', '');
INSERT INTO `sys_casbin_rule` VALUES ('7526', 'p', 'role_2', '/api/users/logout', 'POST', '*', '', '');
INSERT INTO `sys_casbin_rule` VALUES ('7499', 'p', 'role_2', '/api/users/profile', 'GET', '*', '', '');
INSERT INTO `sys_casbin_rule` VALUES ('7492', 'p', 'role_2', '/api/users/switchTenant/:tenantld', 'GET', '*', '', '');
INSERT INTO `sys_casbin_rule` VALUES ('7489', 'p', 'role_2', '/api/users/updateAccount', 'PUT', '*', '', '');
INSERT INTO `sys_casbin_rule` VALUES ('7509', 'p', 'role_2', '/api/users/updateBasicInfo', 'PUT', '*', '', '');
INSERT INTO `sys_casbin_rule` VALUES ('7542', 'p', 'role_2', '/api/users/uploadAvatar', 'POST', '*', '', '');
INSERT INTO `sys_casbin_rule` VALUES ('2966', 'p', 'role_4', '/api/sysAffix/list', 'GET', '*', '', '');
INSERT INTO `sys_casbin_rule` VALUES ('2971', 'p', 'role_4', '/api/sysDict/getAllDicts', 'GET', '*', '', '');
INSERT INTO `sys_casbin_rule` VALUES ('2970', 'p', 'role_4', '/api/sysMenu/getRouters', 'GET', '*', '', '');
INSERT INTO `sys_casbin_rule` VALUES ('2969', 'p', 'role_4', '/api/users/*', 'GET', '*', '', '');
INSERT INTO `sys_casbin_rule` VALUES ('2967', 'p', 'role_4', '/api/users/logout', 'POST', '*', '', '');
INSERT INTO `sys_casbin_rule` VALUES ('2968', 'p', 'role_4', '/api/users/profile', 'GET', '*', '', '');
INSERT INTO `sys_casbin_rule` VALUES ('2965', 'p', 'role_4', '/api/users/uploadAvatar', 'POST', '*', '', '');

-- ----------------------------
-- Table structure for sys_department
-- ----------------------------
DROP TABLE IF EXISTS `sys_department`;
CREATE TABLE `sys_department` (
  `id` int(11) unsigned NOT NULL AUTO_INCREMENT,
  `parent_id` int(11) unsigned DEFAULT '0' COMMENT 'зҲ¶зә§',
  `name` varchar(255) COLLATE utf8mb4_unicode_ci DEFAULT NULL COMMENT 'йғЁй—ЁеҗҚз§°',
  `status` tinyint(1) DEFAULT NULL COMMENT 'зҠ¶жҖҒпјҡ 0 еҒңз”Ё 1 еҗҜз”Ё',
  `leader` varchar(255) COLLATE utf8mb4_unicode_ci DEFAULT NULL COMMENT 'иҙҹиҙЈдәә',
  `phone` varchar(255) COLLATE utf8mb4_unicode_ci DEFAULT NULL COMMENT 'иҒ”зі»з”өиҜқ',
  `email` varchar(255) COLLATE utf8mb4_unicode_ci DEFAULT NULL COMMENT 'йӮ®з®ұ',
  `sort` int(11) DEFAULT '0' COMMENT 'жҺ’еәҸ',
  `describe` varchar(255) COLLATE utf8mb4_unicode_ci DEFAULT NULL COMMENT 'жҸҸиҝ°',
  `created_at` datetime DEFAULT NULL,
  `updated_at` datetime DEFAULT NULL,
  `deleted_at` datetime DEFAULT NULL,
  `created_by` int(11) unsigned DEFAULT NULL,
  `tenant_id` int(11) unsigned DEFAULT '0' COMMENT 'з§ҹжҲ·IDеӯ—ж®ө',
  PRIMARY KEY (`id`) USING BTREE
) ENGINE=InnoDB AUTO_INCREMENT=2 DEFAULT CHARSET=utf8mb4 COLLATE=utf8mb4_unicode_ci ROW_FORMAT=DYNAMIC;

-- ----------------------------
-- Records of sys_department
-- ----------------------------
INSERT INTO `sys_department` VALUES ('1', '0', 'жҖ»йғЁ', '1', 'еј жҳҺ', '13800000001', 'headquarters@company.com', '1', 'е…¬еҸёжҖ»йғЁз®ЎзҗҶйғЁй—Ё', '2023-01-15 09:00:00', '2025-10-31 17:05:24', null, '1', '0');

-- ----------------------------
-- Table structure for sys_dict
-- ----------------------------
DROP TABLE IF EXISTS `sys_dict`;
CREATE TABLE `sys_dict` (
  `id` int(11) unsigned NOT NULL AUTO_INCREMENT COMMENT 'ID',
  `name` varchar(255) COLLATE utf8mb4_unicode_ci DEFAULT NULL COMMENT 'еӯ—е…ёеҗҚз§°',
  `code` varchar(255) COLLATE utf8mb4_unicode_ci DEFAULT NULL COMMENT 'еӯ—е…ёзј–з Ғ',
  `status` tinyint(1) DEFAULT NULL COMMENT 'зҠ¶жҖҒ',
  `description` varchar(500) COLLATE utf8mb4_unicode_ci DEFAULT NULL,
  `created_at` datetime DEFAULT NULL,
  `updated_at` datetime DEFAULT NULL,
  `deleted_at` datetime DEFAULT NULL,
  `created_by` int(11) unsigned DEFAULT NULL,
  PRIMARY KEY (`id`) USING BTREE
) ENGINE=InnoDB AUTO_INCREMENT=5 DEFAULT CHARSET=utf8mb4 COLLATE=utf8mb4_unicode_ci ROW_FORMAT=DYNAMIC;

-- ----------------------------
-- Records of sys_dict
-- ----------------------------
INSERT INTO `sys_dict` VALUES ('1', 'жҖ§еҲ«', 'gender', '1', 'иҝҷжҳҜдёҖдёӘжҖ§еҲ«еӯ—е…ё', '2024-07-01 10:00:00', null, null, '1');
INSERT INTO `sys_dict` VALUES ('2', 'зҠ¶жҖҒ', 'status', '1', 'зҠ¶жҖҒеӯ—ж®өеҸҜд»Ҙз”ЁиҝҷдёӘ', '2024-07-01 10:00:00', null, null, '1');
INSERT INTO `sys_dict` VALUES ('3', 'еІ—дҪҚ', 'post', '1', 'еІ—дҪҚеӯ—ж®ө', '2024-07-01 10:00:00', null, null, '1');
INSERT INTO `sys_dict` VALUES ('4', 'д»»еҠЎзҠ¶жҖҒ', 'taskStatus', '1', 'д»»еҠЎзҠ¶жҖҒеӯ—ж®өеҸҜд»Ҙз”Ёе®ғ', '2024-07-01 10:00:00', null, null, '1');

-- ----------------------------
-- Table structure for sys_dict_item
-- ----------------------------
DROP TABLE IF EXISTS `sys_dict_item`;
CREATE TABLE `sys_dict_item` (
  `id` int(11) unsigned NOT NULL AUTO_INCREMENT,
  `name` varchar(255) COLLATE utf8mb4_unicode_ci DEFAULT NULL,
  `value` varchar(255) COLLATE utf8mb4_unicode_ci DEFAULT NULL,
  `status` tinyint(1) DEFAULT NULL COMMENT 'зҠ¶жҖҒ',
  `dict_id` int(11) unsigned DEFAULT NULL,
  PRIMARY KEY (`id`) USING BTREE
) ENGINE=InnoDB AUTO_INCREMENT=43 DEFAULT CHARSET=utf8mb4 COLLATE=utf8mb4_unicode_ci ROW_FORMAT=DYNAMIC;

-- ----------------------------
-- Records of sys_dict_item
-- ----------------------------
INSERT INTO `sys_dict_item` VALUES ('11', 'з”·', '1', '1', '1');
INSERT INTO `sys_dict_item` VALUES ('12', 'еҘі', '0', '1', '1');
INSERT INTO `sys_dict_item` VALUES ('13', 'е…¶е®ғ', '2', '1', '1');
INSERT INTO `sys_dict_item` VALUES ('21', 'зҰҒз”Ё', '0', '1', '2');
INSERT INTO `sys_dict_item` VALUES ('22', 'еҗҜз”Ё', '1', '1', '2');
INSERT INTO `sys_dict_item` VALUES ('31', 'жҖ»з»ҸзҗҶ', '1', '1', '3');
INSERT INTO `sys_dict_item` VALUES ('32', 'жҖ»зӣ‘', '2', '1', '3');
INSERT INTO `sys_dict_item` VALUES ('33', 'дәәдәӢдё»з®Ў', '3', '1', '3');
INSERT INTO `sys_dict_item` VALUES ('34', 'ејҖеҸ‘йғЁдё»з®Ў', '4', '1', '3');
INSERT INTO `sys_dict_item` VALUES ('35', 'жҷ®йҖҡиҒҢе‘ҳ', '5', '1', '3');
INSERT INTO `sys_dict_item` VALUES ('36', 'е…¶е®ғ', '999', '1', '3');
INSERT INTO `sys_dict_item` VALUES ('41', 'еӨұиҙҘ', '0', '1', '4');
INSERT INTO `sys_dict_item` VALUES ('42', 'жҲҗеҠҹ', '1', '1', '4');

-- ----------------------------
-- Table structure for sys_gen
-- ----------------------------
DROP TABLE IF EXISTS `sys_gen`;
CREATE TABLE `sys_gen` (
  `id` int(11) unsigned NOT NULL AUTO_INCREMENT COMMENT 'ID',
  `db_type` varchar(255) COLLATE utf8_unicode_ci DEFAULT NULL COMMENT 'ж•°жҚ®еә“зұ»еһӢ',
  `database` varchar(255) COLLATE utf8_unicode_ci DEFAULT NULL COMMENT 'ж•°жҚ®еә“',
  `name` varchar(255) COLLATE utf8_unicode_ci DEFAULT NULL COMMENT 'ж•°жҚ®еә“иЎЁеҗҚ',
  `module_name` varchar(255) COLLATE utf8_unicode_ci DEFAULT NULL COMMENT 'жЁЎеқ—еҗҚз§°',
  `file_name` varchar(255) COLLATE utf8_unicode_ci DEFAULT NULL COMMENT 'ж–Үд»¶еҗҚз§°',
  `describe` varchar(1000) COLLATE utf8_unicode_ci DEFAULT NULL COMMENT 'жҸҸиҝ°',
  `created_at` datetime DEFAULT NULL COMMENT 'еҲӣе»әж—¶й—ҙ',
  `updated_at` datetime DEFAULT NULL COMMENT 'дҝ®ж”№ж—¶й—ҙ',
  `deleted_at` datetime DEFAULT NULL COMMENT 'еҲ йҷӨж—¶й—ҙ',
  `created_by` int(11) unsigned DEFAULT NULL COMMENT 'еҲӣе»әдәә',
  `is_cover` tinyint(3) DEFAULT '0' COMMENT 'жҳҜеҗҰиҰҶзӣ–',
  `is_menu` tinyint(3) DEFAULT '0' COMMENT 'жҳҜеҗҰз”ҹжҲҗиҸңеҚ•',
  `is_tree` tinyint(3) DEFAULT '0',
  `is_relation_tree` tinyint(3) DEFAULT '0' COMMENT 'жҳҜеҗҰе…іиҒ”ж ‘еҪўеҲҶзұ»',
  `relation_tree_table` int(11) unsigned DEFAULT '0' COMMENT 'е…іиҒ”зҡ„ж ‘еҪўиЎЁ',
  `relation_field` int(11) unsigned DEFAULT '0' COMMENT 'е…іиҒ”зҡ„еӯ—ж®өID',
  PRIMARY KEY (`id`) USING BTREE
) ENGINE=InnoDB AUTO_INCREMENT=25 DEFAULT CHARSET=utf8 COLLATE=utf8_unicode_ci ROW_FORMAT=DYNAMIC;

-- ----------------------------
-- Records of sys_gen
-- ----------------------------
INSERT INTO `sys_gen` VALUES ('23', 'mysql', 'gin-fast-tenant', 'demo_students', 'test_school', 'demo_students', 'еӯҰе‘ҳз®ЎзҗҶ', '2025-11-13 15:17:27', '2025-11-17 16:31:43', null, '1', '1', '1', null, '0', '0', '0');
INSERT INTO `sys_gen` VALUES ('24', 'mysql', 'gin-fast-tenant', 'demo_teacher', 'test_school', 'demo_teacher', 'ж•ҷеёҲиЎЁ', '2025-11-13 15:17:27', '2025-11-17 17:29:28', null, '1', '1', '1', null, '0', '0', '0');

-- ----------------------------
-- Table structure for sys_gen_field
-- ----------------------------
DROP TABLE IF EXISTS `sys_gen_field`;
CREATE TABLE `sys_gen_field` (
  `id` int(11) unsigned NOT NULL AUTO_INCREMENT,
  `gen_id` int(11) unsigned DEFAULT NULL,
  `data_name` varchar(255) COLLATE utf8_unicode_ci DEFAULT NULL COMMENT 'еҲ—еҗҚ',
  `data_type` varchar(255) COLLATE utf8_unicode_ci DEFAULT NULL COMMENT 'ж•°жҚ®зұ»еһӢ',
  `data_comment` varchar(255) COLLATE utf8_unicode_ci DEFAULT NULL COMMENT 'еҲ—жіЁйҮҠ',
  `data_extra` varchar(255) COLLATE utf8_unicode_ci DEFAULT NULL COMMENT 'йўқеӨ–дҝЎжҒҜ',
  `data_column_key` varchar(255) COLLATE utf8_unicode_ci DEFAULT NULL COMMENT 'еҲ—й”®дҝЎжҒҜ',
  `data_unsigned` tinyint(3) DEFAULT '0' COMMENT 'жҳҜеҗҰдёәж— з¬ҰеҸ·зұ»еһӢ',
  `is_primary` tinyint(3) DEFAULT '0' COMMENT 'жҳҜеҗҰдё»й”®',
  `go_type` varchar(255) COLLATE utf8_unicode_ci DEFAULT NULL COMMENT 'goзұ»еһӢ',
  `front_type` varchar(255) COLLATE utf8_unicode_ci DEFAULT NULL COMMENT 'еүҚз«Ҝзұ»еһӢ',
  `custom_name` varchar(255) COLLATE utf8_unicode_ci DEFAULT '' COMMENT 'иҮӘе®ҡд№үеӯ—ж®өеҗҚз§°',
  `require` tinyint(3) DEFAULT '0' COMMENT 'жҳҜеҗҰеҝ…еЎ«',
  `list_show` tinyint(3) DEFAULT '0' COMMENT 'еҲ—иЎЁжҳҫзӨә',
  `form_show` tinyint(3) DEFAULT '0' COMMENT 'иЎЁеҚ•жҳҫзӨә',
  `query_show` tinyint(3) DEFAULT '0' COMMENT 'жҹҘиҜўжҳҫзӨә',
  `query_type` varchar(255) COLLATE utf8_unicode_ci DEFAULT NULL COMMENT 'жҹҘиҜўж–№ејҸ\r\nEQ  зӯүдәҺ\r\nNE дёҚзӯүдәҺ\r\nGT еӨ§дәҺ\r\nGTE еӨ§дәҺзӯүдәҺ\r\nLT е°ҸдәҺ\r\nLTE е°ҸдәҺзӯүдәҺ\r\nLIKE еҢ…еҗ«\r\nBETWEEN иҢғеӣҙ',
  `form_type` varchar(255) COLLATE utf8_unicode_ci DEFAULT NULL COMMENT 'иЎЁеҚ•зұ»еһӢ\r\ninput ж–Үжң¬жЎҶ\r\ntextarea ж–Үжң¬еҹҹ\r\nnumber ж•°еӯ—иҫ“е…ҘжЎҶ\r\nselect дёӢжӢүжЎҶ\r\nradio еҚ•йҖүжЎҶ\r\ncheckbox еӨҚйҖүжЎҶ\r\ndatetime ж—Ҙжңҹж—¶й—ҙ',
  `dict_type` varchar(255) COLLATE utf8_unicode_ci DEFAULT NULL COMMENT 'е…іиҒ”зҡ„еӯ—е…ё',
  `gorm_tag` varchar(255) COLLATE utf8_unicode_ci DEFAULT NULL COMMENT 'gormж Үзӯҫ',
  PRIMARY KEY (`id`) USING BTREE
) ENGINE=InnoDB AUTO_INCREMENT=214 DEFAULT CHARSET=utf8 COLLATE=utf8_unicode_ci ROW_FORMAT=DYNAMIC;

-- ----------------------------
-- Records of sys_gen_field
-- ----------------------------
INSERT INTO `sys_gen_field` VALUES ('185', '23', 'student_id', 'int', 'ID', 'auto_increment', 'PRI', '1', '1', 'uint', 'number', 'stu_id', '1', '0', '0', '1', 'EQ', '', '', 'column:student_id;primaryKey;not null;autoIncrement');
INSERT INTO `sys_gen_field` VALUES ('186', '23', 'student_name', 'varchar', 'е§“еҗҚ', '', '', '0', '0', 'string', 'string', 'stu_name', '1', '1', '1', '1', 'LIKE', 'textarea', '', 'column:student_name;not null');
INSERT INTO `sys_gen_field` VALUES ('187', '23', 'age', 'int', 'е№ҙйҫ„', '', '', '0', '0', 'int', 'number', 'age', '1', '1', '1', '1', 'LIKE', '', '', 'column:age;not null;default:18');
INSERT INTO `sys_gen_field` VALUES ('188', '23', 'gender', 'varchar', 'жҖ§еҲ«', '', '', '0', '0', 'string', 'string', 'gender', '1', '1', '1', '1', 'BETWEEN', 'radio', 'gender', 'column:gender;not null;default:\'\'');
INSERT INTO `sys_gen_field` VALUES ('189', '23', 'class_name', 'varchar', 'зҸӯзә§еҗҚз§°', '', '', '0', '0', 'string', 'string', 'class_name', '0', '1', '1', '0', '', 'checkbox', 'class', 'column:class_name;not null');
INSERT INTO `sys_gen_field` VALUES ('190', '23', 'admission_date', 'datetime', 'е…ҘеӯҰж—Ҙжңҹ', '', '', '0', '0', 'time.Time', 'string', 'admission_date', '0', '0', '1', '0', '', '', '', 'column:admission_date;not null');
INSERT INTO `sys_gen_field` VALUES ('191', '23', 'email', 'varchar', ' йӮ®з®ұ', '', 'UNI', '0', '0', 'string', 'string', 'email', '0', '0', '1', '1', '', 'checkbox', 'status', 'column:email;uniqueIndex');
INSERT INTO `sys_gen_field` VALUES ('192', '23', 'phone', 'varchar', 'з”өиҜқеҸ·з Ғ', '', '', '0', '0', 'string', 'string', 'phone', '0', '0', '0', '0', '', '', '', 'column:phone');
INSERT INTO `sys_gen_field` VALUES ('193', '23', 'address', 'text', 'ең°еқҖ', '', '', '0', '0', 'string', 'string', 'address', '0', '0', '1', '1', '', 'select', 'status', 'column:address');
INSERT INTO `sys_gen_field` VALUES ('194', '23', 'created_at', 'datetime', 'еҲӣе»әж—¶й—ҙ', '', '', '0', '0', 'time.Time', 'string', 'created_at', null, null, '1', '1', 'BETWEEN', '', '', 'column:created_at');
INSERT INTO `sys_gen_field` VALUES ('195', '23', 'updated_at', 'datetime', 'жӣҙж–°ж—¶й—ҙ', '', '', '0', '0', 'time.Time', 'string', 'updated_at', null, null, '1', null, '', '', '', 'column:updated_at');
INSERT INTO `sys_gen_field` VALUES ('196', '23', 'deleted_at', 'datetime', 'еҲ йҷӨж—¶й—ҙ', '', '', '0', '0', 'time.Time', 'string', 'deleted_at', null, null, '1', null, '', '', '', 'column:deleted_at');
INSERT INTO `sys_gen_field` VALUES ('197', '23', 'created_by', 'int', 'еҲӣе»әдәә', '', '', '1', '0', 'uint', 'number', 'created_by', null, null, '1', null, '', '', '', 'column:created_by');
INSERT INTO `sys_gen_field` VALUES ('198', '23', 'tenant_id', 'int', 'з§ҹжҲ·IDеӯ—ж®ө', '', '', '1', '0', 'uint', 'number', 'tenant_id', null, null, '1', '1', '', '', '', 'column:tenant_id');
INSERT INTO `sys_gen_field` VALUES ('199', '24', 'id', 'int', 'дё»й”®ID', 'auto_increment', 'PRI', '1', '1', 'uint', 'number', 'tc_id', '1', '1', '1', '1', '', '', '', 'column:id;primaryKey;not null;autoIncrement');
INSERT INTO `sys_gen_field` VALUES ('200', '24', 'name', 'varchar', 'ж•ҷеёҲе§“еҗҚ', '', '', '0', '0', 'string', 'string', 'tc_name', '1', '1', '1', '1', 'LIKE', 'input', '', 'column:name;not null');
INSERT INTO `sys_gen_field` VALUES ('201', '24', 'employee_id', 'varchar', 'е·ҘеҸ·', '', '', '0', '0', 'string', 'string', 'employee_id', '1', '1', '1', '1', 'BETWEEN', '', '', 'column:employee_id');
INSERT INTO `sys_gen_field` VALUES ('202', '24', 'gender', 'tinyint', 'жҖ§еҲ«', '', '', '0', '0', 'int', 'number', 'gender', '1', '1', '1', '1', 'EQ', 'select', 'gender', 'column:gender;default:0');
INSERT INTO `sys_gen_field` VALUES ('203', '24', 'phone', 'varchar', 'жүӢжңәеҸ·', '', '', '0', '0', 'string', 'string', 'phone', '1', '1', '1', '1', 'GT', '', '', 'column:phone');
INSERT INTO `sys_gen_field` VALUES ('204', '24', 'email', 'varchar', 'йӮ®з®ұ', '', '', '0', '0', 'string', 'string', 'email', '1', '1', '1', '1', 'NE', '', '', 'column:email');
INSERT INTO `sys_gen_field` VALUES ('205', '24', 'subject', 'varchar', 'жүҖж•ҷеӯҰз§‘', '', '', '0', '0', 'string', 'string', 'subject', '1', '1', '1', '1', '', '', '', 'column:subject');
INSERT INTO `sys_gen_field` VALUES ('206', '24', 'title', 'varchar', 'иҒҢз§°', '', '', '0', '0', 'string', 'string', 'title', '1', '1', '1', '1', '', '', '', 'column:title');
INSERT INTO `sys_gen_field` VALUES ('207', '24', 'status', 'tinyint', 'зҠ¶жҖҒ', '', '', '0', '0', 'int', 'number', 'status', '1', '1', '1', '1', '', 'select', 'status', 'column:status;default:1');
INSERT INTO `sys_gen_field` VALUES ('208', '24', 'hire_date', 'date', 'е…ҘиҒҢж—Ҙжңҹ', '', '', '0', '0', 'time.Time', 'string', 'hire_date', '1', '1', '1', '1', 'BETWEEN', '', '', 'column:hire_date');
INSERT INTO `sys_gen_field` VALUES ('209', '24', 'birth_date', 'date', 'еҮәз”ҹж—Ҙжңҹ', '', '', '0', '0', 'time.Time', 'string', 'birth_date', '1', '1', '1', '1', '', 'select', 'test_date', 'column:birth_date');
INSERT INTO `sys_gen_field` VALUES ('210', '24', 'created_at', 'datetime', 'еҲӣе»әж—¶й—ҙ', '', '', '0', '0', 'time.Time', 'string', 'created_at', null, null, null, null, '', '', '', 'column:created_at');
INSERT INTO `sys_gen_field` VALUES ('211', '24', 'updated_at', 'datetime', 'жӣҙж–°ж—¶й—ҙ', '', '', '0', '0', 'time.Time', 'string', 'updated_at', null, null, null, null, '', '', '', 'column:updated_at');
INSERT INTO `sys_gen_field` VALUES ('212', '24', 'deleted_at', 'datetime', 'еҲ йҷӨж—¶й—ҙ', '', '', '0', '0', 'time.Time', 'string', 'deleted_at', null, null, null, null, '', '', '', 'column:deleted_at');
INSERT INTO `sys_gen_field` VALUES ('213', '24', 'created_by', 'int', 'еҲӣе»әдәә', '', '', '1', '0', 'uint', 'number', 'created_by', null, null, null, null, '', '', '', 'column:created_by');

-- ----------------------------
-- Table structure for sys_jobs
-- ----------------------------
DROP TABLE IF EXISTS `sys_jobs`;
CREATE TABLE `sys_jobs` (
  `id` varchar(255) COLLATE utf8mb4_unicode_ci NOT NULL COMMENT 'д»»еҠЎID',
  `group` varchar(100) COLLATE utf8mb4_unicode_ci NOT NULL COMMENT 'д»»еҠЎеҲҶз»„еҗҚз§°',
  `name` varchar(200) COLLATE utf8mb4_unicode_ci NOT NULL COMMENT 'д»»еҠЎеҗҚз§°',
  `description` text COLLATE utf8mb4_unicode_ci COMMENT 'д»»еҠЎжҸҸиҝ°',
  `executor_name` varchar(100) COLLATE utf8mb4_unicode_ci NOT NULL COMMENT 'жү§иЎҢеҷЁеҗҚз§°',
  `execution_policy` tinyint(4) NOT NULL DEFAULT '1' COMMENT 'жү§иЎҢзӯ–з•Ҙ: 0=еҚ•ж¬Ўжү§иЎҢ, 1=йҮҚеӨҚжү§иЎҢ',
  `status` tinyint(4) NOT NULL DEFAULT '1' COMMENT 'д»»еҠЎзҠ¶жҖҒ: 0=зҰҒз”Ё, 1=еҗҜз”Ё',
  `cron_expression` varchar(100) COLLATE utf8mb4_unicode_ci NOT NULL COMMENT 'CronиЎЁиҫҫејҸ',
  `parameters` json DEFAULT NULL COMMENT 'д»»еҠЎеҸӮж•°(JSONж јејҸ)',
  `blocking_policy` tinyint(4) NOT NULL DEFAULT '0' COMMENT 'йҳ»еЎһзӯ–з•Ҙ: 0=дёўејғ, 1=иҰҶзӣ–, 2=е№¶иЎҢ',
  `timeout` bigint(20) NOT NULL DEFAULT '30000000000' COMMENT 'и¶…ж—¶ж—¶й—ҙ(зәіз§’)',
  `max_retry` int(11) NOT NULL DEFAULT '0' COMMENT 'жңҖеӨ§йҮҚиҜ•ж¬Ўж•°',
  `retry_interval` bigint(20) NOT NULL DEFAULT '10000000000' COMMENT 'йҮҚиҜ•й—ҙйҡ”(зәіз§’)',
  `parallel_num` int(11) NOT NULL DEFAULT '1' COMMENT 'е№¶иЎҢж•°',
  `running_count` int(11) NOT NULL DEFAULT '0' COMMENT 'еҪ“еүҚиҝҗиЎҢдёӯзҡ„д»»еҠЎж•°',
  `created_at` datetime NOT NULL DEFAULT CURRENT_TIMESTAMP COMMENT 'еҲӣе»әж—¶й—ҙ',
  `updated_at` datetime NOT NULL DEFAULT CURRENT_TIMESTAMP ON UPDATE CURRENT_TIMESTAMP COMMENT 'жӣҙж–°ж—¶й—ҙ',
  `deleted_at` datetime DEFAULT NULL,
  `created_by` int(11) unsigned DEFAULT NULL,
  PRIMARY KEY (`id`),
  KEY `idx_group` (`group`),
  KEY `idx_status` (`status`),
  KEY `idx_executor_name` (`executor_name`),
  KEY `idx_created_at` (`created_at`)
) ENGINE=InnoDB DEFAULT CHARSET=utf8mb4 COLLATE=utf8mb4_unicode_ci COMMENT='д»»еҠЎи°ғеәҰиЎЁ';

-- ----------------------------
-- Records of sys_jobs
-- ----------------------------

-- ----------------------------
-- Table structure for sys_job_results
-- ----------------------------
DROP TABLE IF EXISTS `sys_job_results`;
CREATE TABLE `sys_job_results` (
  `id` bigint(20) unsigned NOT NULL AUTO_INCREMENT COMMENT 'иҮӘеўһдё»й”®',
  `job_id` varchar(255) COLLATE utf8mb4_unicode_ci NOT NULL COMMENT 'д»»еҠЎID',
  `status` varchar(20) COLLATE utf8mb4_unicode_ci NOT NULL COMMENT 'жү§иЎҢзҠ¶жҖҒ: SUCCESS, FAILED, PANIC',
  `error` text COLLATE utf8mb4_unicode_ci COMMENT 'й”ҷиҜҜдҝЎжҒҜ',
  `start_time` datetime NOT NULL COMMENT 'ејҖе§Ӣж—¶й—ҙ',
  `end_time` datetime NOT NULL COMMENT 'з»“жқҹж—¶й—ҙ',
  `duration` bigint(20) NOT NULL COMMENT 'жү§иЎҢж—¶й•ҝ(зәіз§’)',
  `retry_count` int(11) NOT NULL DEFAULT '0' COMMENT 'йҮҚиҜ•ж¬Ўж•°',
  `created_at` datetime NOT NULL DEFAULT CURRENT_TIMESTAMP COMMENT 'и®°еҪ•еҲӣе»әж—¶й—ҙ',
  PRIMARY KEY (`id`),
  KEY `idx_job_id` (`job_id`),
  KEY `idx_status` (`status`),
  KEY `idx_start_time` (`start_time`),
  KEY `idx_created_at` (`created_at`),
  CONSTRAINT `sys_job_results_ibfk_1` FOREIGN KEY (`job_id`) REFERENCES `sys_jobs` (`id`) ON DELETE CASCADE ON UPDATE CASCADE
) ENGINE=InnoDB DEFAULT CHARSET=utf8mb4 COLLATE=utf8mb4_unicode_ci COMMENT='д»»еҠЎжү§иЎҢз»“жһңиЎЁ';

-- ----------------------------
-- Records of sys_job_results
-- ----------------------------

-- ----------------------------
-- Table structure for sys_menu
-- ----------------------------
DROP TABLE IF EXISTS `sys_menu`;
CREATE TABLE `sys_menu` (
  `id` int(11) unsigned NOT NULL AUTO_INCREMENT COMMENT 'и·Ҝз”ұID',
  `parent_id` int(11) unsigned NOT NULL DEFAULT '0' COMMENT 'зҲ¶зә§и·Ҝз”ұIDпјҢйЎ¶еұӮдёә0',
  `path` varchar(255) NOT NULL COMMENT 'и·Ҝз”ұи·Ҝеҫ„',
  `name` varchar(100) NOT NULL COMMENT 'и·Ҝз”ұеҗҚз§°',
  `redirect` varchar(255) DEFAULT NULL COMMENT 'йҮҚе®ҡеҗ‘',
  `component` varchar(255) DEFAULT NULL COMMENT 'з»„д»¶ж–Үд»¶и·Ҝеҫ„',
  `title` varchar(100) DEFAULT NULL COMMENT 'иҸңеҚ•ж ҮйўҳпјҢеӣҪйҷ…еҢ–key',
  `is_full` tinyint(1) DEFAULT '0' COMMENT 'жҳҜеҗҰе…ЁеұҸжҳҫзӨәпјҡ0-еҗҰпјҢ1-жҳҜ',
  `hide` tinyint(1) DEFAULT '0' COMMENT 'жҳҜеҗҰйҡҗи—Ҹпјҡ0-еҗҰпјҢ1-жҳҜ',
  `disable` tinyint(1) DEFAULT '0' COMMENT 'жҳҜеҗҰеҒңз”Ёпјҡ0-еҗҰпјҢ1-жҳҜ',
  `keep_alive` tinyint(1) DEFAULT '0' COMMENT 'жҳҜеҗҰзј“еӯҳпјҡ0-еҗҰпјҢ1-жҳҜ',
  `affix` tinyint(1) DEFAULT '0' COMMENT 'жҳҜеҗҰеӣәе®ҡпјҡ0-еҗҰпјҢ1-жҳҜ',
  `link` varchar(500) DEFAULT '' COMMENT 'еӨ–й“ҫең°еқҖ',
  `iframe` tinyint(1) DEFAULT '0' COMMENT 'жҳҜеҗҰеҶ…еөҢпјҡ0-еҗҰпјҢ1-жҳҜ',
  `svg_icon` varchar(100) DEFAULT '' COMMENT 'svgеӣҫж ҮеҗҚз§°',
  `icon` varchar(100) DEFAULT '' COMMENT 'жҷ®йҖҡеӣҫж ҮеҗҚз§°',
  `sort` int(11) DEFAULT '0' COMMENT 'жҺ’еәҸеӯ—ж®ө',
  `type` tinyint(1) DEFAULT '2' COMMENT 'зұ»еһӢпјҡ1-зӣ®еҪ•пјҢ2-иҸңеҚ•пјҢ3-жҢүй’®',
  `is_link` tinyint(1) DEFAULT '0' COMMENT 'жҳҜеҗҰеӨ–й“ҫ',
  `permission` varchar(255) DEFAULT '' COMMENT 'жқғйҷҗж ҮиҜҶ',
  `created_at` datetime DEFAULT CURRENT_TIMESTAMP COMMENT 'еҲӣе»әж—¶й—ҙ',
  `updated_at` datetime DEFAULT CURRENT_TIMESTAMP COMMENT 'жӣҙж–°ж—¶й—ҙ',
  `deleted_at` datetime DEFAULT NULL,
  `created_by` int(11) unsigned DEFAULT NULL,
  PRIMARY KEY (`id`) USING BTREE,
  KEY `idx_parent_id` (`parent_id`) USING BTREE,
  KEY `idx_sort` (`sort`) USING BTREE,
  KEY `idx_type` (`type`) USING BTREE
) ENGINE=InnoDB AUTO_INCREMENT=140350 DEFAULT CHARSET=utf8mb4 ROW_FORMAT=DYNAMIC COMMENT='зі»з»ҹиҸңеҚ•и·Ҝз”ұиЎЁ';

-- ----------------------------
-- Records of sys_menu
-- ----------------------------
INSERT INTO `sys_menu` VALUES ('1', '0', '/home', 'home', null, 'home/home', 'home', '0', '0', '0', '0', '1', '', '0', 'home', '', '0', '2', '0', '', '2025-08-27 09:09:44', '2025-08-27 09:09:44', null, '1');
INSERT INTO `sys_menu` VALUES ('10', '0', '/system', 'system', null, null, 'system', '0', '0', '0', '1', '0', '', '0', 'set', '', '0', '1', '0', '', '2025-08-27 09:09:44', '2025-08-27 09:09:44', null, '1');
INSERT INTO `sys_menu` VALUES ('1001', '10', '/system/account', 'account', '', 'system/account/account', 'account', '0', '0', '0', '1', '0', '', '0', '', 'IconUser', '0', '2', '0', '', '2025-08-27 09:09:44', '2025-10-11 15:37:41', null, '1');
INSERT INTO `sys_menu` VALUES ('1002', '10', '/system/role', 'role', '', 'system/role/role', 'role', '0', '0', '0', '1', '0', '', '0', '', 'IconUserGroup', '0', '2', '0', '', '2025-08-27 09:09:44', '2025-10-11 16:16:08', null, '1');
INSERT INTO `sys_menu` VALUES ('1003', '10', '/system/menu', 'menu', null, 'system/menu/menu', 'menu', '0', '0', '0', '1', '0', '', '0', '', 'icon-menu', '0', '2', '0', '', '2025-08-27 09:09:44', '2025-08-27 09:09:44', null, '1');
INSERT INTO `sys_menu` VALUES ('1004', '10', '/system/division', 'division', '', 'system/division/division', 'division', '0', '0', '0', '1', '0', '', '0', '', 'IconMindMapping', '0', '2', '0', '', '2025-08-27 09:09:44', '2025-10-11 16:23:14', null, '1');
INSERT INTO `sys_menu` VALUES ('1005', '10', '/system/dictionary', 'dictionary', '', 'system/dictionary/dictionary', 'dictionary', '0', '0', '0', '1', '0', '', '0', '', 'IconBook', '0', '2', '0', '', '2025-08-27 09:09:44', '2025-10-11 16:23:47', null, '1');
INSERT INTO `sys_menu` VALUES ('1006', '10', '/system/log', 'log', '', 'system/log/log', 'log', '0', '0', '0', '1', '0', '', '0', '', 'IconCommon', '0', '2', '0', '', '2025-08-27 09:09:44', '2025-10-20 17:14:19', null, '1');
INSERT INTO `sys_menu` VALUES ('1007', '10', '/system/userinfo', 'userinfo', '', 'system/userinfo/userinfo', 'userinfo', '0', '1', '0', '1', '0', '', '0', '', 'icon-menu', '0', '2', '0', '', '2025-08-27 09:09:44', '2025-09-17 11:19:11', null, '1');
INSERT INTO `sys_menu` VALUES ('140213', '10', '/system/api', 'SystemApi', '', 'system/sysapi/sysapi', 'api-management', '0', '0', '0', '1', '0', '', '0', '', 'IconFile', '0', '2', '0', '', '2025-09-03 10:53:57', '2025-10-16 08:53:42', null, '1');
INSERT INTO `sys_menu` VALUES ('140214', '1001', '', '', '', '', 'ж–°еўһ', '0', '0', '0', '1', '0', '', '0', '', '', '0', '3', '0', 'system:account:add', '2025-09-03 16:11:58', '2025-09-03 16:11:58', null, '1');
INSERT INTO `sys_menu` VALUES ('140215', '1001', '', '', '', '', 'зј–иҫ‘', '0', '0', '0', '1', '0', '', '0', '', '', '0', '3', '0', 'system:account:edit', '2025-09-03 17:11:24', '2025-09-03 17:11:24', null, '1');
INSERT INTO `sys_menu` VALUES ('140216', '1001', '', '', '', '', 'еҲ йҷӨ', '0', '0', '0', '1', '0', '', '0', '', '', '0', '3', '0', 'system:account:delete', '2025-09-03 17:12:22', '2025-09-03 17:12:22', null, '1');
INSERT INTO `sys_menu` VALUES ('140218', '1002', '', '', '', '', 'ж–°еўһ', '0', '0', '0', '1', '0', '', '0', '', '', '0', '3', '0', 'system:role:add', '2025-09-04 16:43:54', '2025-09-04 16:43:54', null, '1');
INSERT INTO `sys_menu` VALUES ('140219', '1002', '', '', '', '', 'зј–иҫ‘', '0', '0', '0', '1', '0', '', '0', '', '', '0', '3', '0', 'system:role:edit', '2025-09-04 16:47:15', '2025-09-04 16:47:15', null, '1');
INSERT INTO `sys_menu` VALUES ('140220', '1002', '', '', '', '', 'еҲ йҷӨ', '0', '0', '0', '1', '0', '', '0', '', '', '0', '3', '0', 'system:role:delete', '2025-09-04 16:50:19', '2025-09-04 16:50:19', null, '1');
INSERT INTO `sys_menu` VALUES ('140221', '1002', '', '', '', '', 'еҲҶй…Қжқғйҷҗ', '0', '0', '0', '1', '0', '', '0', '', '', '0', '3', '0', 'system:role:addRoleMenu', '2025-09-04 16:53:09', '2025-09-04 16:53:09', null, '1');
INSERT INTO `sys_menu` VALUES ('140222', '1003', '', '', '', '', 'ж–°еўһ', '0', '0', '0', '1', '0', '', '0', '', '', '0', '3', '0', 'system:menu:add', '2025-09-04 17:07:16', '2025-09-04 17:07:16', null, '1');
INSERT INTO `sys_menu` VALUES ('140223', '1003', '', '', '', '', 'зј–иҫ‘', '0', '0', '0', '1', '0', '', '0', '', '', '0', '3', '0', 'system:menu:edit', '2025-09-04 17:11:51', '2025-09-04 17:11:51', null, '1');
INSERT INTO `sys_menu` VALUES ('140224', '1003', '', '', '', '', 'еҲ йҷӨ', '0', '0', '0', '1', '0', '', '0', '', '', '0', '3', '0', 'system:menu:delete', '2025-09-04 17:12:24', '2025-09-04 17:12:24', null, '1');
INSERT INTO `sys_menu` VALUES ('140225', '1003', '', '', '', '', 'еҲҶй…Қжқғйҷҗ', '0', '0', '0', '1', '0', '', '0', '', '', '0', '3', '0', 'system:menu:setMenuApis', '2025-09-04 17:20:09', '2025-09-04 17:20:09', null, '1');
INSERT INTO `sys_menu` VALUES ('140226', '140213', '', '', '', '', 'ж–°еўһ', '0', '0', '0', '1', '0', '', '0', '', '', '0', '3', '0', 'system:api:add', '2025-09-04 17:30:56', '2025-09-04 17:30:56', null, '1');
INSERT INTO `sys_menu` VALUES ('140227', '140213', '', '', '', '', 'зј–иҫ‘', '0', '0', '0', '1', '0', '', '0', '', '', '0', '3', '0', 'system:api:edit', '2025-09-04 17:31:20', '2025-09-04 17:31:20', null, '1');
INSERT INTO `sys_menu` VALUES ('140228', '140213', '', '', '', '', 'еҲ йҷӨ', '0', '0', '0', '1', '0', '', '0', '', '', '0', '3', '0', 'system:api:delete', '2025-09-04 17:31:38', '2025-09-04 17:31:38', null, '1');
INSERT INTO `sys_menu` VALUES ('140229', '1004', '', '', '', '', 'ж–°еўһйғЁй—Ё', '0', '0', '0', '1', '0', '', '0', '', '', '0', '3', '0', 'system:division:add', '2025-09-12 14:50:55', '2025-09-12 14:50:55', null, '1');
INSERT INTO `sys_menu` VALUES ('140230', '1004', '', '', '', '', 'зј–иҫ‘йғЁй—Ё', '0', '0', '0', '1', '0', '', '0', '', '', '0', '3', '0', 'system:division:edit', '2025-09-12 14:51:17', '2025-09-12 14:51:17', null, '1');
INSERT INTO `sys_menu` VALUES ('140231', '1004', '', '', '', '', 'еҲ йҷӨйғЁй—Ё', '0', '0', '0', '1', '0', '', '0', '', '', '0', '3', '0', 'system:division:delete', '2025-09-12 14:51:51', '2025-09-12 14:51:51', null, '1');
INSERT INTO `sys_menu` VALUES ('140232', '1005', '', '', '', '', 'ж–°еўһ', '0', '0', '0', '1', '0', '', '0', '', '', '0', '3', '0', 'system:dict:add', '2025-09-16 16:38:06', '2025-09-16 16:38:06', null, '1');
INSERT INTO `sys_menu` VALUES ('140233', '1005', '', '', '', '', 'зј–иҫ‘', '0', '0', '0', '1', '0', '', '0', '', '', '0', '3', '0', 'system:dict:edit', '2025-09-16 16:39:58', '2025-09-16 16:39:58', null, '1');
INSERT INTO `sys_menu` VALUES ('140234', '1005', '', '', '', '', 'еҲ йҷӨ', '0', '0', '0', '1', '0', '', '0', '', '', '0', '3', '0', 'system:dict:delete', '2025-09-16 16:40:19', '2025-09-16 16:40:19', null, '1');
INSERT INTO `sys_menu` VALUES ('140235', '1005', '', '', '', '', 'еӯ—е…ёйЎ№з®ЎзҗҶ', '0', '0', '0', '1', '0', '', '0', '', '', '0', '3', '0', 'system:dictitem:list', '2025-09-16 17:09:58', '2025-09-16 17:31:35', null, '1');
INSERT INTO `sys_menu` VALUES ('140236', '1005', '', '', '', '', 'ж–°еўһеӯ—е…ёйЎ№', '0', '0', '0', '1', '0', '', '0', '', '', '0', '3', '0', 'system:dictitem:add', '2025-09-16 17:32:06', '2025-09-16 17:32:06', null, '1');
INSERT INTO `sys_menu` VALUES ('140237', '1005', '', '', '', '', 'зј–иҫ‘еӯ—е…ёйЎ№', '0', '0', '0', '1', '0', '', '0', '', '', '0', '3', '0', 'system:dictitem:edit', '2025-09-16 17:33:16', '2025-09-16 17:33:16', null, '1');
INSERT INTO `sys_menu` VALUES ('140238', '1005', '', '', '', '', 'еҲ йҷӨеӯ—е…ёйЎ№', '0', '0', '0', '1', '0', '', '0', '', '', '0', '3', '0', 'system:dictitem:delete', '2025-09-16 17:33:41', '2025-09-16 17:33:41', null, '1');
INSERT INTO `sys_menu` VALUES ('140239', '10', '/system/affix', 'SystemAffix', '', 'system/affix/affix', 'file-manager', '0', '0', '0', '1', '0', '', '0', '', 'IconFolder', '0', '2', '0', '', '2025-09-25 15:17:00', '2025-10-15 18:14:16', null, '1');
INSERT INTO `sys_menu` VALUES ('140240', '140239', '', '', '', '', 'ж–Үд»¶дёҠдј ', '0', '0', '0', '1', '0', '', '0', '', '', '0', '3', '0', 'system:affix:upload', '2025-09-25 15:45:29', '2025-09-25 15:46:29', null, '1');
INSERT INTO `sys_menu` VALUES ('140241', '140239', '', '', '', '', 'еҲ йҷӨж–Үд»¶', '0', '0', '0', '1', '0', '', '0', '', '', '0', '3', '0', 'system:affix:delete', '2025-09-25 15:46:52', '2025-09-25 15:46:52', null, '1');
INSERT INTO `sys_menu` VALUES ('140242', '140239', '', '', '', '', 'дҝ®ж”№ж–Үд»¶еҗҚ', '0', '0', '0', '1', '0', '', '0', '', '', '0', '3', '0', 'system:affix:updateName', '2025-09-25 15:47:41', '2025-09-25 15:47:41', null, '1');
INSERT INTO `sys_menu` VALUES ('140243', '140239', '', '', '', '', 'дёӢиҪҪж–Үд»¶', '0', '0', '0', '1', '0', '', '0', '', '', '0', '3', '0', 'system:affix:download', '2025-09-25 15:48:56', '2025-09-25 15:48:56', null, '1');
INSERT INTO `sys_menu` VALUES ('140244', '1002', '', '', '', '', 'ж•°жҚ®жқғйҷҗ', '0', '0', '0', '1', '0', '', '0', '', '', '0', '3', '0', 'system:role:dataScope', '2025-09-26 17:07:16', '2025-09-26 17:07:16', null, '1');
INSERT INTO `sys_menu` VALUES ('140245', '10', '/system/sysconfig', 'SystemSysconfig', '', 'system/sysconfig/sysconfig', 'system-config', '0', '0', '0', '1', '0', '', '0', '', 'IconSettings', '0', '2', '0', '', '2025-10-09 16:15:21', '2025-10-15 18:10:54', null, '1');
INSERT INTO `sys_menu` VALUES ('140246', '140245', '', '', '', '', 'дҝ®ж”№зі»з»ҹй…ҚзҪ®', '0', '0', '0', '1', '0', '', '0', '', '', '0', '3', '0', 'system:config:update', '2025-10-09 16:24:33', '2025-10-09 16:24:33', null, '1');
INSERT INTO `sys_menu` VALUES ('140247', '0', '/demo', 'Demo', '', '', 'plugin-example', '0', '0', '0', '1', '0', '', '0', 'more', '', '0', '1', '0', '', '2025-10-13 14:38:38', '2025-10-16 08:55:06', null, '1');
INSERT INTO `sys_menu` VALUES ('140248', '140247', '/plugins/example', 'PluginsExample', '', 'plugins/example/views/examplelist', 'plugin-example', '0', '0', '0', '1', '0', '', '0', '', 'IconMenu', '0', '2', '0', '', '2025-10-13 15:19:20', '2025-10-16 08:55:19', null, '1');
INSERT INTO `sys_menu` VALUES ('140249', '140248', '', '', '', '', 'ж–°еўһ', '0', '0', '0', '1', '0', '', '0', '', '', '0', '3', '0', 'plugins:example:add', '2025-10-14 11:02:42', '2025-10-14 11:02:42', null, '1');
INSERT INTO `sys_menu` VALUES ('140250', '140248', '', '', '', '', 'зј–иҫ‘', '0', '0', '0', '1', '0', '', '0', '', '', '0', '3', '0', 'plugins:example:edit', '2025-10-14 11:03:08', '2025-10-14 11:03:08', null, '1');
INSERT INTO `sys_menu` VALUES ('140251', '140248', '', '', '', '', 'еҲ йҷӨ', '0', '0', '0', '1', '0', '', '0', '', '', '0', '3', '0', 'plugins:example:delete', '2025-10-14 11:03:25', '2025-10-14 11:03:25', null, '1');
INSERT INTO `sys_menu` VALUES ('140252', '1007', '', '', '', '', 'дҝ®ж”№еҜҶз ҒгҖҒжүӢжңәеҸ·зӯү', '0', '0', '0', '1', '0', '', '0', '', '', '0', '3', '0', 'system:userinfo:updateAccount', '2025-10-17 11:12:56', '2025-10-17 11:12:56', null, '1');
INSERT INTO `sys_menu` VALUES ('140254', '140239', '', '', '', '', 'еӨҚеҲ¶й“ҫжҺҘ', '0', '0', '0', '1', '0', '', '0', '', '', '0', '3', '0', 'system:affix:copy', '2025-10-17 11:38:09', '2025-10-17 11:38:09', null, '1');
INSERT INTO `sys_menu` VALUES ('140255', '1006', '', '', '', '', 'еҜјеҮә', '0', '0', '0', '1', '0', '', '0', '', '', '0', '3', '0', 'system:log:export', '2025-10-20 10:16:51', '2025-10-20 10:16:51', null, '1');
INSERT INTO `sys_menu` VALUES ('140256', '1006', '', '', '', '', 'еҲ йҷӨ', '0', '0', '0', '1', '0', '', '0', '', '', '0', '3', '0', 'system:log:delete', '2025-10-20 10:17:19', '2025-10-20 10:17:19', null, '1');
INSERT INTO `sys_menu` VALUES ('140257', '1003', '', '', '', '', 'еҜјеҮә', '0', '0', '0', '1', '0', '', '0', '', '', '0', '3', '0', 'system:menu:export', '2025-10-20 17:18:01', '2025-10-20 17:18:13', null, '1');
INSERT INTO `sys_menu` VALUES ('140258', '1003', '', '', '', '', 'еҜје…Ҙ', '0', '0', '0', '1', '0', '', '0', '', '', '0', '3', '0', 'system:menu:import', '2025-10-21 11:29:45', '2025-10-21 11:29:45', null, '1');
INSERT INTO `sys_menu` VALUES ('140259', '10', '/system/systenant', 'SystemSystenant', '', 'system/tenant/tenant', 'tenant', '0', '0', '0', '1', '0', '', '0', '', 'IconTags', '0', '2', '0', '', '2025-10-24 09:11:32', '2025-10-24 09:20:59', null, '1');
INSERT INTO `sys_menu` VALUES ('140260', '140259', '', '', '', '', 'ж–°еўһз§ҹжҲ·', '0', '0', '0', '1', '0', '', '0', '', '', '0', '3', '0', 'system:tenant:add', '2025-10-24 09:14:25', '2025-10-24 09:14:25', null, '1');
INSERT INTO `sys_menu` VALUES ('140261', '140259', '', '', '', '', 'дҝ®ж”№з§ҹжҲ·', '0', '0', '0', '1', '0', '', '0', '', '', '0', '3', '0', 'system:tenant:edit', '2025-10-24 09:14:50', '2025-10-24 09:14:50', null, '1');
INSERT INTO `sys_menu` VALUES ('140262', '140259', '', '', '', '', 'еҲ йҷӨз§ҹжҲ·', '0', '0', '0', '1', '0', '', '0', '', '', '0', '3', '0', 'system:tenant:delete', '2025-10-24 09:15:07', '2025-10-24 09:15:07', null, '1');
INSERT INTO `sys_menu` VALUES ('140263', '140259', '', '', '', '', 'еҲҶй…Қз”ЁжҲ·', '0', '0', '0', '1', '0', '', '0', '', '', '0', '3', '0', 'system:tenant:assignUser', '2025-10-27 18:03:07', '2025-10-27 18:03:07', null, '1');
INSERT INTO `sys_menu` VALUES ('140264', '1007', '', '', '', '', 'дҝ®ж”№з”ЁжҲ·еҹәжң¬дҝЎжҒҜ', '0', '0', '0', '1', '0', '', '0', '', '', '0', '3', '0', 'system:userinfo:updateBasicInfo', '2025-10-31 09:26:42', '2025-10-31 09:26:42', null, '1');
INSERT INTO `sys_menu` VALUES ('140265', '10', '/system/codegen', 'SystemCodegen', '', 'system/codegen/codegen', 'codegen', '0', '0', '0', '1', '0', '', '0', '', 'IconCode', '0', '2', '0', '', '2025-11-04 11:45:49', '2025-11-04 11:45:49', null, '1');
INSERT INTO `sys_menu` VALUES ('140329', '140265', '', '', '', '', 'еҜје…ҘиЎЁ', '0', '0', '0', '1', '0', '', '0', '', '', '1', '3', '0', 'system:codegen:batchInsert', '2025-11-17 15:32:25', '2025-11-17 15:32:25', null, '1');
INSERT INTO `sys_menu` VALUES ('140330', '140265', '', '', '', '', 'й…ҚзҪ®', '0', '0', '0', '1', '0', '', '0', '', '', '1', '3', '0', 'system:codegen:update', '2025-11-17 15:33:57', '2025-11-17 15:33:57', null, '1');
INSERT INTO `sys_menu` VALUES ('140331', '140265', '', '', '', '', 'йў„и§Ҳ', '0', '0', '0', '1', '0', '', '0', '', '', '1', '3', '0', 'system:codegen:preview', '2025-11-17 15:34:24', '2025-11-17 15:34:24', null, '1');
INSERT INTO `sys_menu` VALUES ('140332', '140265', '', '', '', '', 'з”ҹжҲҗд»Јз Ғж–Үд»¶', '0', '0', '0', '1', '0', '', '0', '', '', '1', '3', '0', 'system:codegen:generate', '2025-11-17 15:35:00', '2025-11-17 15:35:00', null, '1');
INSERT INTO `sys_menu` VALUES ('140333', '140265', '', '', '', '', 'еҗҢжӯҘж•°жҚ®еә“', '0', '0', '0', '1', '0', '', '0', '', '', '1', '3', '0', 'system:codegen:refreshFields', '2025-11-17 15:35:51', '2025-11-17 15:35:51', null, '1');
INSERT INTO `sys_menu` VALUES ('140334', '140265', '', '', '', '', 'еҲ йҷӨ', '0', '0', '0', '1', '0', '', '0', '', '', '1', '3', '0', 'system:codegen:delete', '2025-11-17 15:36:50', '2025-11-17 15:36:50', null, '1');
INSERT INTO `sys_menu` VALUES ('140335', '140265', '', '', '', '', 'з”ҹжҲҗиҸңеҚ•', '0', '0', '0', '1', '0', '', '0', '', '', '0', '3', '0', 'system:codegen:insertmenuandapi', '2025-11-26 15:16:32', '2025-11-26 15:16:32', null, '1');
INSERT INTO `sys_menu` VALUES ('140336', '10', '/system/pluginsmanager', 'SystemPluginsmanager', '', 'system/pluginsmanager/pluginsmanager', 'plugins-manager', '0', '0', '0', '1', '0', '', '0', '', 'IconApps', '0', '2', '0', '', '2025-12-05 17:59:34', '2025-12-05 17:59:34', null, '1');
INSERT INTO `sys_menu` VALUES ('140338', '140336', '', '', '', '', 'еҜјеҮәжҸ’д»¶', '0', '0', '0', '1', '0', '', '0', '', '', '0', '3', '0', 'system:pluginsmanager:export', '2025-12-08 16:33:32', '2025-12-08 16:33:32', null, '1');
INSERT INTO `sys_menu` VALUES ('140339', '140336', '', '', '', '', 'еҜје…ҘжҸ’д»¶', '0', '0', '0', '1', '0', '', '0', '', '', '0', '3', '0', 'system:pluginsmanager:import', '2025-12-08 16:33:51', '2025-12-08 16:33:51', null, '1');
INSERT INTO `sys_menu` VALUES ('140340', '140336', '', '', '', '', 'жҸ’д»¶еҚёиҪҪ', '0', '0', '0', '1', '0', '', '0', '', '', '0', '3', '0', 'system:pluginsmanager:uninstall', '2025-12-08 16:34:53', '2025-12-08 16:34:53', null, '1');
INSERT INTO `sys_menu` VALUES ('140341', '0', '/sysjobs', 'Sysjobs', '', '', 'sysjobs', '0', '0', '0', '1', '0', '', '0', 'functions', '', '0', '1', '0', '', '2026-02-11 11:29:40', '2026-02-11 11:38:29', null, '1');
INSERT INTO `sys_menu` VALUES ('140342', '140341', '/system/sysjobslist', 'SystemSysjobslist', '', 'system/sysjobs/sysjobslist', 'jobslist', '0', '0', '0', '1', '0', '', '0', '', 'IconList', '0', '2', '0', '', '2026-02-11 11:36:54', '2026-02-11 11:36:54', null, '1');
INSERT INTO `sys_menu` VALUES ('140343', '140342', '', '', '', '', 'ж–°еўһ', '0', '0', '0', '1', '0', '', '0', '', '', '0', '3', '0', 'system:sysjobs:add', '2026-02-11 11:43:35', '2026-02-11 11:43:35', null, '1');
INSERT INTO `sys_menu` VALUES ('140344', '140342', '', '', '', '', 'зј–иҫ‘', '0', '0', '0', '1', '0', '', '0', '', '', '0', '3', '0', 'system:sysjobs:edit', '2026-02-11 11:44:00', '2026-02-11 11:44:00', null, '1');
INSERT INTO `sys_menu` VALUES ('140345', '140342', '', '', '', '', 'еҲ йҷӨ', '0', '0', '0', '1', '0', '', '0', '', '', '0', '3', '0', 'system:sysjobs:delete', '2026-02-11 11:44:22', '2026-02-11 11:44:22', null, '1');
INSERT INTO `sys_menu` VALUES ('140346', '140342', '', '', '', '', 'жү§иЎҢдёҖж¬Ў', '0', '0', '0', '1', '0', '', '0', '', '', '0', '3', '0', 'system:sysjobs:executeNow', '2026-02-12 17:59:02', '2026-02-12 17:59:02', null, '1');
INSERT INTO `sys_menu` VALUES ('140347', '140341', '/system/joblog', 'SystemJoblog', '', 'system/sysjobresults/sysjobresultslist', 'joblog', '0', '0', '0', '1', '0', '', '0', '', 'IconHistory', '0', '2', '0', '', '2026-02-11 11:41:27', '2026-02-11 11:41:27', null, '1');
INSERT INTO `sys_menu` VALUES ('140348', '140347', '', '', '', '', 'еҲ йҷӨ', '0', '0', '0', '1', '0', '', '0', '', '', '0', '3', '0', 'system:sysjobresults:delete', '2026-02-11 11:45:18', '2026-02-11 11:45:18', null, '1');
INSERT INTO `sys_menu` VALUES ('140349', '140239', '', '', '', '', 'еӨ§ж–Үд»¶дёҠдј ', '0', '0', '0', '1', '0', '', '0', '', '', '0', '3', '0', 'system:affix:bigupload', '2026-04-09 15:47:39', '2026-04-09 15:47:39', null, '1');

-- ----------------------------
-- Table structure for sys_menu_api
-- ----------------------------
DROP TABLE IF EXISTS `sys_menu_api`;
CREATE TABLE `sys_menu_api` (
  `menu_id` int(11) unsigned NOT NULL,
  `api_id` int(11) unsigned NOT NULL,
  PRIMARY KEY (`menu_id`,`api_id`) USING BTREE
) ENGINE=InnoDB DEFAULT CHARSET=utf8mb4 COLLATE=utf8mb4_unicode_ci ROW_FORMAT=DYNAMIC;

-- ----------------------------
-- Records of sys_menu_api
-- ----------------------------
INSERT INTO `sys_menu_api` VALUES ('10', '5');
INSERT INTO `sys_menu_api` VALUES ('10', '6');
INSERT INTO `sys_menu_api` VALUES ('10', '7');
INSERT INTO `sys_menu_api` VALUES ('10', '12');
INSERT INTO `sys_menu_api` VALUES ('10', '27');
INSERT INTO `sys_menu_api` VALUES ('10', '54');
INSERT INTO `sys_menu_api` VALUES ('10', '202');
INSERT INTO `sys_menu_api` VALUES ('1001', '7');
INSERT INTO `sys_menu_api` VALUES ('1001', '8');
INSERT INTO `sys_menu_api` VALUES ('1001', '18');
INSERT INTO `sys_menu_api` VALUES ('1001', '19');
INSERT INTO `sys_menu_api` VALUES ('1002', '19');
INSERT INTO `sys_menu_api` VALUES ('1003', '13');
INSERT INTO `sys_menu_api` VALUES ('1004', '18');
INSERT INTO `sys_menu_api` VALUES ('1004', '37');
INSERT INTO `sys_menu_api` VALUES ('1005', '41');
INSERT INTO `sys_menu_api` VALUES ('1006', '70');
INSERT INTO `sys_menu_api` VALUES ('1007', '6');
INSERT INTO `sys_menu_api` VALUES ('140213', '29');
INSERT INTO `sys_menu_api` VALUES ('140214', '9');
INSERT INTO `sys_menu_api` VALUES ('140215', '10');
INSERT INTO `sys_menu_api` VALUES ('140216', '11');
INSERT INTO `sys_menu_api` VALUES ('140218', '24');
INSERT INTO `sys_menu_api` VALUES ('140219', '25');
INSERT INTO `sys_menu_api` VALUES ('140220', '26');
INSERT INTO `sys_menu_api` VALUES ('140221', '13');
INSERT INTO `sys_menu_api` VALUES ('140221', '20');
INSERT INTO `sys_menu_api` VALUES ('140221', '21');
INSERT INTO `sys_menu_api` VALUES ('140222', '15');
INSERT INTO `sys_menu_api` VALUES ('140223', '16');
INSERT INTO `sys_menu_api` VALUES ('140224', '17');
INSERT INTO `sys_menu_api` VALUES ('140224', '197');
INSERT INTO `sys_menu_api` VALUES ('140225', '29');
INSERT INTO `sys_menu_api` VALUES ('140225', '35');
INSERT INTO `sys_menu_api` VALUES ('140225', '36');
INSERT INTO `sys_menu_api` VALUES ('140226', '31');
INSERT INTO `sys_menu_api` VALUES ('140227', '30');
INSERT INTO `sys_menu_api` VALUES ('140227', '32');
INSERT INTO `sys_menu_api` VALUES ('140228', '33');
INSERT INTO `sys_menu_api` VALUES ('140229', '38');
INSERT INTO `sys_menu_api` VALUES ('140230', '39');
INSERT INTO `sys_menu_api` VALUES ('140231', '40');
INSERT INTO `sys_menu_api` VALUES ('140232', '43');
INSERT INTO `sys_menu_api` VALUES ('140233', '44');
INSERT INTO `sys_menu_api` VALUES ('140234', '45');
INSERT INTO `sys_menu_api` VALUES ('140235', '48');
INSERT INTO `sys_menu_api` VALUES ('140236', '50');
INSERT INTO `sys_menu_api` VALUES ('140237', '51');
INSERT INTO `sys_menu_api` VALUES ('140238', '52');
INSERT INTO `sys_menu_api` VALUES ('140239', '58');
INSERT INTO `sys_menu_api` VALUES ('140240', '55');
INSERT INTO `sys_menu_api` VALUES ('140241', '56');
INSERT INTO `sys_menu_api` VALUES ('140242', '57');
INSERT INTO `sys_menu_api` VALUES ('140243', '60');
INSERT INTO `sys_menu_api` VALUES ('140244', '61');
INSERT INTO `sys_menu_api` VALUES ('140245', '62');
INSERT INTO `sys_menu_api` VALUES ('140245', '64');
INSERT INTO `sys_menu_api` VALUES ('140246', '63');
INSERT INTO `sys_menu_api` VALUES ('140248', '65');
INSERT INTO `sys_menu_api` VALUES ('140248', '69');
INSERT INTO `sys_menu_api` VALUES ('140249', '66');
INSERT INTO `sys_menu_api` VALUES ('140250', '67');
INSERT INTO `sys_menu_api` VALUES ('140251', '68');
INSERT INTO `sys_menu_api` VALUES ('140252', '53');
INSERT INTO `sys_menu_api` VALUES ('140254', '60');
INSERT INTO `sys_menu_api` VALUES ('140255', '73');
INSERT INTO `sys_menu_api` VALUES ('140256', '72');
INSERT INTO `sys_menu_api` VALUES ('140257', '74');
INSERT INTO `sys_menu_api` VALUES ('140258', '75');
INSERT INTO `sys_menu_api` VALUES ('140259', '76');
INSERT INTO `sys_menu_api` VALUES ('140260', '78');
INSERT INTO `sys_menu_api` VALUES ('140261', '77');
INSERT INTO `sys_menu_api` VALUES ('140261', '79');
INSERT INTO `sys_menu_api` VALUES ('140262', '80');
INSERT INTO `sys_menu_api` VALUES ('140263', '81');
INSERT INTO `sys_menu_api` VALUES ('140263', '82');
INSERT INTO `sys_menu_api` VALUES ('140263', '83');
INSERT INTO `sys_menu_api` VALUES ('140263', '84');
INSERT INTO `sys_menu_api` VALUES ('140263', '85');
INSERT INTO `sys_menu_api` VALUES ('140263', '86');
INSERT INTO `sys_menu_api` VALUES ('140263', '87');
INSERT INTO `sys_menu_api` VALUES ('140263', '88');
INSERT INTO `sys_menu_api` VALUES ('140264', '89');
INSERT INTO `sys_menu_api` VALUES ('140265', '190');
INSERT INTO `sys_menu_api` VALUES ('140329', '188');
INSERT INTO `sys_menu_api` VALUES ('140329', '191');
INSERT INTO `sys_menu_api` VALUES ('140330', '192');
INSERT INTO `sys_menu_api` VALUES ('140330', '193');
INSERT INTO `sys_menu_api` VALUES ('140331', '189');
INSERT INTO `sys_menu_api` VALUES ('140332', '105');
INSERT INTO `sys_menu_api` VALUES ('140333', '195');
INSERT INTO `sys_menu_api` VALUES ('140334', '194');
INSERT INTO `sys_menu_api` VALUES ('140335', '196');
INSERT INTO `sys_menu_api` VALUES ('140336', '198');
INSERT INTO `sys_menu_api` VALUES ('140338', '199');
INSERT INTO `sys_menu_api` VALUES ('140339', '200');
INSERT INTO `sys_menu_api` VALUES ('140340', '201');
INSERT INTO `sys_menu_api` VALUES ('140342', '203');
INSERT INTO `sys_menu_api` VALUES ('140342', '204');
INSERT INTO `sys_menu_api` VALUES ('140343', '205');
INSERT INTO `sys_menu_api` VALUES ('140344', '206');
INSERT INTO `sys_menu_api` VALUES ('140344', '207');
INSERT INTO `sys_menu_api` VALUES ('140344', '208');
INSERT INTO `sys_menu_api` VALUES ('140345', '209');
INSERT INTO `sys_menu_api` VALUES ('140346', '210');
INSERT INTO `sys_menu_api` VALUES ('140347', '211');
INSERT INTO `sys_menu_api` VALUES ('140348', '212');
INSERT INTO `sys_menu_api` VALUES ('140349', '55');
INSERT INTO `sys_menu_api` VALUES ('140349', '213');
INSERT INTO `sys_menu_api` VALUES ('140349', '214');
INSERT INTO `sys_menu_api` VALUES ('140349', '215');
INSERT INTO `sys_menu_api` VALUES ('140349', '216');

-- ----------------------------
-- Table structure for sys_operation_logs
-- ----------------------------
DROP TABLE IF EXISTS `sys_operation_logs`;
CREATE TABLE `sys_operation_logs` (
  `id` bigint(20) unsigned NOT NULL AUTO_INCREMENT,
  `created_at` datetime(3) DEFAULT NULL,
  `updated_at` datetime(3) DEFAULT NULL,
  `deleted_at` datetime(3) DEFAULT NULL,
  `user_id` bigint(20) unsigned DEFAULT NULL COMMENT 'ж“ҚдҪңз”ЁжҲ·ID',
  `username` varchar(50) DEFAULT NULL COMMENT 'ж“ҚдҪңз”ЁжҲ·еҗҚ',
  `module` varchar(100) DEFAULT NULL COMMENT 'ж“ҚдҪңжЁЎеқ—',
  `operation` varchar(100) DEFAULT NULL COMMENT 'ж“ҚдҪңзұ»еһӢ',
  `method` varchar(10) DEFAULT NULL COMMENT 'иҜ·жұӮж–№жі•',
  `path` varchar(500) DEFAULT NULL COMMENT 'иҜ·жұӮи·Ҝеҫ„',
  `ip` varchar(50) DEFAULT NULL COMMENT 'е®ўжҲ·з«ҜIP',
  `user_agent` varchar(500) DEFAULT NULL COMMENT 'з”ЁжҲ·д»ЈзҗҶ',
  `request_data` text COMMENT 'иҜ·жұӮеҸӮж•°',
  `response_data` text COMMENT 'е“Қеә”ж•°жҚ®',
  `status_code` int(11) DEFAULT NULL COMMENT 'е“Қеә”зҠ¶жҖҒз Ғ',
  `duration` bigint(20) DEFAULT NULL COMMENT 'ж“ҚдҪңиҖ—ж—¶(жҜ«з§’)',
  `error_msg` text COMMENT 'й”ҷиҜҜдҝЎжҒҜ',
  `location` varchar(100) DEFAULT NULL COMMENT 'ж“ҚдҪңең°зӮ№',
  `tenant_id` int(11) unsigned DEFAULT '0' COMMENT 'з§ҹжҲ·IDеӯ—ж®ө',
  PRIMARY KEY (`id`) USING BTREE,
  KEY `idx_sys_operation_logs_deleted_at` (`deleted_at`) USING BTREE,
  KEY `idx_user_id` (`user_id`) USING BTREE
) ENGINE=InnoDB DEFAULT CHARSET=utf8mb4 ROW_FORMAT=DYNAMIC COMMENT='зі»з»ҹж“ҚдҪңж—Ҙеҝ—иЎЁ';

-- ----------------------------
-- Records of sys_operation_logs
-- ----------------------------

-- ----------------------------
-- Table structure for sys_role
-- ----------------------------
DROP TABLE IF EXISTS `sys_role`;
CREATE TABLE `sys_role` (
  `id` int(11) unsigned NOT NULL AUTO_INCREMENT,
  `name` varchar(255) COLLATE utf8mb4_unicode_ci DEFAULT '' COMMENT 'и§’иүІеҗҚз§°',
  `sort` int(11) DEFAULT '0' COMMENT 'жҺ’еәҸ',
  `status` tinyint(3) DEFAULT '0' COMMENT 'зҠ¶жҖҒ',
  `description` varchar(255) COLLATE utf8mb4_unicode_ci DEFAULT NULL COMMENT 'жҸҸиҝ°',
  `parent_id` int(11) unsigned DEFAULT '0',
  `created_at` datetime DEFAULT NULL,
  `updated_at` datetime DEFAULT NULL,
  `deleted_at` datetime DEFAULT NULL,
  `created_by` int(11) unsigned DEFAULT NULL,
  `data_scope` int(11) DEFAULT '0' COMMENT 'ж•°жҚ®жқғйҷҗ',
  `checked_depts` varchar(1000) COLLATE utf8mb4_unicode_ci DEFAULT NULL COMMENT 'ж•°жҚ®жқғйҷҗе…іиҒ”зҡ„йғЁй—Ё',
  `tenant_id` int(11) unsigned DEFAULT '0' COMMENT 'з§ҹжҲ·IDеӯ—ж®ө',
  PRIMARY KEY (`id`) USING BTREE
) ENGINE=InnoDB AUTO_INCREMENT=3 DEFAULT CHARSET=utf8mb4 COLLATE=utf8mb4_unicode_ci ROW_FORMAT=DYNAMIC;

-- ----------------------------
-- Records of sys_role
-- ----------------------------
INSERT INTO `sys_role` VALUES ('1', 'зі»з»ҹз®ЎзҗҶе‘ҳ', '0', '1', 'жңҖй«ҳжқғйҷҗз®ЎзҗҶе‘ҳи§’иүІ', '0', '2025-09-01 17:32:12', '2025-09-30 15:53:24', null, '1', '1', '', '0');
INSERT INTO `sys_role` VALUES ('2', 'жј”зӨә', '0', '1', '', '0', '2025-10-14 15:12:09', '2025-10-17 15:34:47', null, '1', '0', '', '0');

-- ----------------------------
-- Table structure for sys_role_menu
-- ----------------------------
DROP TABLE IF EXISTS `sys_role_menu`;
CREATE TABLE `sys_role_menu` (
  `role_id` int(11) unsigned NOT NULL,
  `menu_id` int(11) unsigned NOT NULL,
  PRIMARY KEY (`role_id`,`menu_id`) USING BTREE
) ENGINE=InnoDB DEFAULT CHARSET=utf8mb4 COLLATE=utf8mb4_unicode_ci ROW_FORMAT=DYNAMIC;

-- ----------------------------
-- Records of sys_role_menu
-- ----------------------------
INSERT INTO `sys_role_menu` VALUES ('1', '1');
INSERT INTO `sys_role_menu` VALUES ('1', '10');
INSERT INTO `sys_role_menu` VALUES ('1', '1001');
INSERT INTO `sys_role_menu` VALUES ('1', '1002');
INSERT INTO `sys_role_menu` VALUES ('1', '1003');
INSERT INTO `sys_role_menu` VALUES ('1', '1004');
INSERT INTO `sys_role_menu` VALUES ('1', '1005');
INSERT INTO `sys_role_menu` VALUES ('1', '1006');
INSERT INTO `sys_role_menu` VALUES ('1', '1007');
INSERT INTO `sys_role_menu` VALUES ('1', '140213');
INSERT INTO `sys_role_menu` VALUES ('1', '140214');
INSERT INTO `sys_role_menu` VALUES ('1', '140215');
INSERT INTO `sys_role_menu` VALUES ('1', '140216');
INSERT INTO `sys_role_menu` VALUES ('1', '140218');
INSERT INTO `sys_role_menu` VALUES ('1', '140219');
INSERT INTO `sys_role_menu` VALUES ('1', '140220');
INSERT INTO `sys_role_menu` VALUES ('1', '140221');
INSERT INTO `sys_role_menu` VALUES ('1', '140222');
INSERT INTO `sys_role_menu` VALUES ('1', '140223');
INSERT INTO `sys_role_menu` VALUES ('1', '140224');
INSERT INTO `sys_role_menu` VALUES ('1', '140225');
INSERT INTO `sys_role_menu` VALUES ('1', '140226');
INSERT INTO `sys_role_menu` VALUES ('1', '140227');
INSERT INTO `sys_role_menu` VALUES ('1', '140228');
INSERT INTO `sys_role_menu` VALUES ('1', '140229');
INSERT INTO `sys_role_menu` VALUES ('1', '140230');
INSERT INTO `sys_role_menu` VALUES ('1', '140231');
INSERT INTO `sys_role_menu` VALUES ('1', '140232');
INSERT INTO `sys_role_menu` VALUES ('1', '140233');
INSERT INTO `sys_role_menu` VALUES ('1', '140234');
INSERT INTO `sys_role_menu` VALUES ('1', '140235');
INSERT INTO `sys_role_menu` VALUES ('1', '140236');
INSERT INTO `sys_role_menu` VALUES ('1', '140237');
INSERT INTO `sys_role_menu` VALUES ('1', '140238');
INSERT INTO `sys_role_menu` VALUES ('1', '140239');
INSERT INTO `sys_role_menu` VALUES ('1', '140240');
INSERT INTO `sys_role_menu` VALUES ('1', '140241');
INSERT INTO `sys_role_menu` VALUES ('1', '140242');
INSERT INTO `sys_role_menu` VALUES ('1', '140243');
INSERT INTO `sys_role_menu` VALUES ('1', '140244');
INSERT INTO `sys_role_menu` VALUES ('1', '140245');
INSERT INTO `sys_role_menu` VALUES ('1', '140246');
INSERT INTO `sys_role_menu` VALUES ('1', '140247');
INSERT INTO `sys_role_menu` VALUES ('1', '140248');
INSERT INTO `sys_role_menu` VALUES ('1', '140249');
INSERT INTO `sys_role_menu` VALUES ('1', '140250');
INSERT INTO `sys_role_menu` VALUES ('1', '140251');
INSERT INTO `sys_role_menu` VALUES ('1', '140252');
INSERT INTO `sys_role_menu` VALUES ('1', '140254');
INSERT INTO `sys_role_menu` VALUES ('1', '140255');
INSERT INTO `sys_role_menu` VALUES ('1', '140256');
INSERT INTO `sys_role_menu` VALUES ('1', '140257');
INSERT INTO `sys_role_menu` VALUES ('1', '140258');
INSERT INTO `sys_role_menu` VALUES ('1', '140259');
INSERT INTO `sys_role_menu` VALUES ('1', '140260');
INSERT INTO `sys_role_menu` VALUES ('1', '140261');
INSERT INTO `sys_role_menu` VALUES ('1', '140262');
INSERT INTO `sys_role_menu` VALUES ('1', '140263');
INSERT INTO `sys_role_menu` VALUES ('1', '140264');
INSERT INTO `sys_role_menu` VALUES ('1', '140265');
INSERT INTO `sys_role_menu` VALUES ('1', '140329');
INSERT INTO `sys_role_menu` VALUES ('1', '140330');
INSERT INTO `sys_role_menu` VALUES ('1', '140331');
INSERT INTO `sys_role_menu` VALUES ('1', '140332');
INSERT INTO `sys_role_menu` VALUES ('1', '140333');
INSERT INTO `sys_role_menu` VALUES ('1', '140334');
INSERT INTO `sys_role_menu` VALUES ('1', '140335');
INSERT INTO `sys_role_menu` VALUES ('1', '140336');
INSERT INTO `sys_role_menu` VALUES ('1', '140338');
INSERT INTO `sys_role_menu` VALUES ('1', '140339');
INSERT INTO `sys_role_menu` VALUES ('1', '140340');
INSERT INTO `sys_role_menu` VALUES ('2', '1');
INSERT INTO `sys_role_menu` VALUES ('2', '10');
INSERT INTO `sys_role_menu` VALUES ('2', '1001');
INSERT INTO `sys_role_menu` VALUES ('2', '1002');
INSERT INTO `sys_role_menu` VALUES ('2', '1003');
INSERT INTO `sys_role_menu` VALUES ('2', '1004');
INSERT INTO `sys_role_menu` VALUES ('2', '1005');
INSERT INTO `sys_role_menu` VALUES ('2', '1006');
INSERT INTO `sys_role_menu` VALUES ('2', '1007');
INSERT INTO `sys_role_menu` VALUES ('2', '140213');
INSERT INTO `sys_role_menu` VALUES ('2', '140214');
INSERT INTO `sys_role_menu` VALUES ('2', '140215');
INSERT INTO `sys_role_menu` VALUES ('2', '140216');
INSERT INTO `sys_role_menu` VALUES ('2', '140218');
INSERT INTO `sys_role_menu` VALUES ('2', '140219');
INSERT INTO `sys_role_menu` VALUES ('2', '140220');
INSERT INTO `sys_role_menu` VALUES ('2', '140221');
INSERT INTO `sys_role_menu` VALUES ('2', '140222');
INSERT INTO `sys_role_menu` VALUES ('2', '140223');
INSERT INTO `sys_role_menu` VALUES ('2', '140224');
INSERT INTO `sys_role_menu` VALUES ('2', '140225');
INSERT INTO `sys_role_menu` VALUES ('2', '140226');
INSERT INTO `sys_role_menu` VALUES ('2', '140227');
INSERT INTO `sys_role_menu` VALUES ('2', '140228');
INSERT INTO `sys_role_menu` VALUES ('2', '140229');
INSERT INTO `sys_role_menu` VALUES ('2', '140230');
INSERT INTO `sys_role_menu` VALUES ('2', '140231');
INSERT INTO `sys_role_menu` VALUES ('2', '140232');
INSERT INTO `sys_role_menu` VALUES ('2', '140233');
INSERT INTO `sys_role_menu` VALUES ('2', '140234');
INSERT INTO `sys_role_menu` VALUES ('2', '140235');
INSERT INTO `sys_role_menu` VALUES ('2', '140236');
INSERT INTO `sys_role_menu` VALUES ('2', '140237');
INSERT INTO `sys_role_menu` VALUES ('2', '140238');
INSERT INTO `sys_role_menu` VALUES ('2', '140239');
INSERT INTO `sys_role_menu` VALUES ('2', '140240');
INSERT INTO `sys_role_menu` VALUES ('2', '140241');
INSERT INTO `sys_role_menu` VALUES ('2', '140242');
INSERT INTO `sys_role_menu` VALUES ('2', '140243');
INSERT INTO `sys_role_menu` VALUES ('2', '140244');
INSERT INTO `sys_role_menu` VALUES ('2', '140245');
INSERT INTO `sys_role_menu` VALUES ('2', '140246');
INSERT INTO `sys_role_menu` VALUES ('2', '140247');
INSERT INTO `sys_role_menu` VALUES ('2', '140248');
INSERT INTO `sys_role_menu` VALUES ('2', '140249');
INSERT INTO `sys_role_menu` VALUES ('2', '140250');
INSERT INTO `sys_role_menu` VALUES ('2', '140251');
INSERT INTO `sys_role_menu` VALUES ('2', '140252');
INSERT INTO `sys_role_menu` VALUES ('2', '140254');
INSERT INTO `sys_role_menu` VALUES ('2', '140255');
INSERT INTO `sys_role_menu` VALUES ('2', '140256');
INSERT INTO `sys_role_menu` VALUES ('2', '140257');
INSERT INTO `sys_role_menu` VALUES ('2', '140258');
INSERT INTO `sys_role_menu` VALUES ('2', '140259');
INSERT INTO `sys_role_menu` VALUES ('2', '140260');
INSERT INTO `sys_role_menu` VALUES ('2', '140261');
INSERT INTO `sys_role_menu` VALUES ('2', '140262');
INSERT INTO `sys_role_menu` VALUES ('2', '140263');
INSERT INTO `sys_role_menu` VALUES ('2', '140264');
INSERT INTO `sys_role_menu` VALUES ('2', '140265');
INSERT INTO `sys_role_menu` VALUES ('2', '140329');
INSERT INTO `sys_role_menu` VALUES ('2', '140330');
INSERT INTO `sys_role_menu` VALUES ('2', '140331');
INSERT INTO `sys_role_menu` VALUES ('2', '140332');
INSERT INTO `sys_role_menu` VALUES ('2', '140333');
INSERT INTO `sys_role_menu` VALUES ('2', '140334');
INSERT INTO `sys_role_menu` VALUES ('2', '140335');
INSERT INTO `sys_role_menu` VALUES ('2', '140336');
INSERT INTO `sys_role_menu` VALUES ('2', '140338');
INSERT INTO `sys_role_menu` VALUES ('2', '140339');
INSERT INTO `sys_role_menu` VALUES ('2', '140340');

-- ----------------------------
-- Table structure for sys_tenants
-- ----------------------------
DROP TABLE IF EXISTS `sys_tenants`;
CREATE TABLE `sys_tenants` (
  `id` int(11) unsigned NOT NULL AUTO_INCREMENT,
  `created_at` datetime DEFAULT NULL,
  `updated_at` datetime DEFAULT NULL,
  `deleted_at` datetime DEFAULT NULL,
  `created_by` int(11) unsigned NOT NULL DEFAULT '0' COMMENT 'еҲӣе»әдәә',
  `name` varchar(100) NOT NULL COMMENT 'з§ҹжҲ·еҗҚз§°',
  `code` varchar(50) NOT NULL COMMENT 'з§ҹжҲ·зј–з Ғ',
  `description` varchar(500) DEFAULT NULL COMMENT 'з§ҹжҲ·жҸҸиҝ°',
  `status` tinyint(4) NOT NULL DEFAULT '1' COMMENT 'зҠ¶жҖҒ 0еҒңз”Ё 1еҗҜз”Ё',
  `domain` varchar(255) DEFAULT NULL COMMENT 'з§ҹжҲ·еҹҹеҗҚ',
  `platform_domain` varchar(255) DEFAULT NULL COMMENT 'дё»еҹҹеҗҚ',
  `menu_permission` varchar(1000) DEFAULT NULL COMMENT 'иҸңеҚ•жқғйҷҗ',
  PRIMARY KEY (`id`) USING BTREE,
  UNIQUE KEY `code` (`code`) USING BTREE,
  UNIQUE KEY `domain` (`domain`) USING BTREE,
  KEY `idx_sys_tenants_deleted_at` (`deleted_at`) USING BTREE
) ENGINE=InnoDB AUTO_INCREMENT=2 DEFAULT CHARSET=utf8mb4 ROW_FORMAT=DYNAMIC;

-- ----------------------------
-- Records of sys_tenants
-- ----------------------------
INSERT INTO `sys_tenants` VALUES ('1', '2025-11-03 11:16:45', '2026-01-09 16:31:23', null, '1', 'жөӢиҜ•з§ҹжҲ·1', 'dom1', '', '1', '', '', '1,10,1001,140214,140215,140216,1002,140218,140219,140220,140221,140244,1003,140222,140223,140224,140225,140257,140258,1004,140229,140230,140231,1006,140255,140256,1007,140252,140264,140239,140240,140241,140242,140243,140254');

-- ----------------------------
-- Table structure for sys_users
-- ----------------------------
DROP TABLE IF EXISTS `sys_users`;
CREATE TABLE `sys_users` (
  `id` int(11) unsigned NOT NULL AUTO_INCREMENT,
  `username` varchar(50) COLLATE utf8_unicode_ci NOT NULL DEFAULT '' COMMENT 'з”ЁжҲ·еҗҚ',
  `password` varchar(255) COLLATE utf8_unicode_ci NOT NULL DEFAULT '' COMMENT 'еҜҶз Ғ',
  `email` varchar(100) COLLATE utf8_unicode_ci DEFAULT '' COMMENT 'йӮ®з®ұ',
  `status` tinyint(1) DEFAULT '1' COMMENT 'жҳҜеҗҰеҗҜз”Ё 0еҒңз”Ё 1еҗҜз”Ё',
  `dept_id` int(11) unsigned DEFAULT '0' COMMENT 'йғЁй—ЁID',
  `phone` varchar(64) COLLATE utf8_unicode_ci DEFAULT '' COMMENT 'з”өиҜқ',
  `sex` varchar(64) COLLATE utf8_unicode_ci DEFAULT '' COMMENT 'жҖ§еҲ«',
  `nick_name` varchar(100) COLLATE utf8_unicode_ci DEFAULT '' COMMENT 'жҳөз§°',
  `avatar` varchar(255) COLLATE utf8_unicode_ci DEFAULT '' COMMENT 'еӨҙеғҸ',
  `description` varchar(500) COLLATE utf8_unicode_ci DEFAULT NULL COMMENT 'жҸҸиҝ°',
  `created_at` datetime DEFAULT NULL,
  `updated_at` datetime DEFAULT NULL,
  `deleted_at` datetime DEFAULT NULL,
  `created_by` int(11) unsigned DEFAULT '0' COMMENT 'еҲӣе»әдәә',
  `tenant_id` int(11) unsigned DEFAULT '0' COMMENT 'з§ҹжҲ·IDеӯ—ж®ө',
  PRIMARY KEY (`id`) USING BTREE,
  UNIQUE KEY `username` (`username`) USING BTREE
) ENGINE=InnoDB AUTO_INCREMENT=5 DEFAULT CHARSET=utf8 COLLATE=utf8_unicode_ci ROW_FORMAT=DYNAMIC;

-- ----------------------------
-- Records of sys_users
-- ----------------------------
INSERT INTO `sys_users` VALUES ('1', 'admin', '$2a$10$0aS9FxWlOz/PXiqzsBr7huy.Dqdwucyb795qiWcA6fsn0Lu.GLA.C', 'admin@example.com', '1', '1', '18800000006', '1', 'и¶…зә§з®ЎзҗҶе‘ҳ', '/public/uploads/2025-11-04/20251104_0945787a-8536-45fc-ba75-e94c8daaec06.jpeg', 'и¶…зә§з®ЎзҗҶе‘ҳ', '2025-08-18 14:55:05', '2025-11-17 17:38:01', null, '0', '0');
INSERT INTO `sys_users` VALUES ('4', 'demo', '$2a$10$yxq80jnZCRPn/hhQYUffheRnDopYjiq1AKGdgrg1oatLha7tc/.Qe', '', '1', '1', '', '1', 'жј”зӨәиҙҰеҸ·', '', 'жј”зӨәиҙҰеҸ·', '2025-10-17 15:38:37', '2025-10-31 16:32:34', null, '1', '0');

-- ----------------------------
-- Table structure for sys_user_role
-- ----------------------------
DROP TABLE IF EXISTS `sys_user_role`;
CREATE TABLE `sys_user_role` (
  `user_id` int(11) unsigned NOT NULL DEFAULT '0' COMMENT 'з”ЁжҲ·ID',
  `role_id` int(11) unsigned NOT NULL DEFAULT '0' COMMENT 'и§’иүІID',
  PRIMARY KEY (`user_id`,`role_id`) USING BTREE
) ENGINE=InnoDB DEFAULT CHARSET=utf8mb4 COLLATE=utf8mb4_unicode_ci ROW_FORMAT=DYNAMIC;

-- ----------------------------
-- Records of sys_user_role
-- ----------------------------
INSERT INTO `sys_user_role` VALUES ('1', '1');
INSERT INTO `sys_user_role` VALUES ('4', '2');

-- ----------------------------
-- Table structure for sys_user_tenant
-- ----------------------------
DROP TABLE IF EXISTS `sys_user_tenant`;
CREATE TABLE `sys_user_tenant` (
  `user_id` int(11) unsigned NOT NULL DEFAULT '0' COMMENT 'з”ЁжҲ·ID',
  `tenant_id` int(11) unsigned NOT NULL DEFAULT '0' COMMENT 'з§ҹжҲ·id',
  `is_default` tinyint(1) DEFAULT '0' COMMENT 'жҳҜеҗҰй»ҳи®Өз§ҹжҲ·',
  `created_at` datetime DEFAULT NULL,
  PRIMARY KEY (`user_id`,`tenant_id`) USING BTREE
) ENGINE=InnoDB DEFAULT CHARSET=utf8 COLLATE=utf8_unicode_ci ROW_FORMAT=DYNAMIC COMMENT='з”ЁжҲ·еҸҠз§ҹжҲ·е…іиҒ”иЎЁ';

-- ----------------------------
-- Records of sys_user_tenant
-- ----------------------------

-- ----------------------------
-- Table structure for sys_param
-- ----------------------------
DROP TABLE IF EXISTS `sys_param`;
CREATE TABLE `sys_param` (
  `id` bigint(20) unsigned NOT NULL AUTO_INCREMENT,
  `name` varchar(255) DEFAULT NULL COMMENT 'еҸӮж•°еҗҚз§°',
  `code` varchar(255) NOT NULL COMMENT 'еҸӮж•°е”ҜдёҖж ҮиҜҶ',
  `value` text COMMENT 'еҸӮж•°еҖј',
  `status` tinyint(4) DEFAULT '1' COMMENT 'зҠ¶жҖҒ(0зҰҒз”Ё/1еҗҜз”Ё)',
  `description` varchar(500) DEFAULT NULL COMMENT 'жҸҸиҝ°',
  `created_at` datetime DEFAULT NULL,
  `updated_at` datetime DEFAULT NULL,
  `deleted_at` datetime DEFAULT NULL,
  `created_by` int(11) unsigned DEFAULT '0',
  PRIMARY KEY (`id`),
  UNIQUE KEY `idx_sys_param_code` (`code`),
  KEY `idx_sys_param_deleted_at` (`deleted_at`)
) ENGINE=InnoDB AUTO_INCREMENT=5 DEFAULT CHARSET=utf8mb4 COMMENT='зі»з»ҹеҸӮж•°й…ҚзҪ®';

-- ----------------------------
-- Table structure for sys_area
-- ----------------------------
DROP TABLE IF EXISTS `sys_area`;
CREATE TABLE `sys_area` (
  `id` int(11) unsigned NOT NULL AUTO_INCREMENT,
  `value` varchar(20) COLLATE utf8mb4_unicode_ci NOT NULL COMMENT 'ең°еҢәзј–з Ғ',
  `label` varchar(100) COLLATE utf8mb4_unicode_ci NOT NULL COMMENT 'ең°еҢәеҗҚз§°',
  `level` tinyint(4) DEFAULT NULL COMMENT 'еұӮзә§ 1зңҒ2еёӮ3еҢәеҺҝ4иЎ—йҒ“',
  `parent` varchar(20) COLLATE utf8mb4_unicode_ci DEFAULT '' COMMENT 'зҲ¶зә§зј–з Ғ',
  `sort` int(11) DEFAULT '0' COMMENT 'жҺ’еәҸ',
  `created_at` datetime DEFAULT NULL,
  `updated_at` datetime DEFAULT NULL,
  `deleted_at` datetime DEFAULT NULL,
  PRIMARY KEY (`id`),
  UNIQUE KEY `uk_sys_area_value` (`value`),
  KEY `idx_sys_area_parent` (`parent`)
) ENGINE=InnoDB DEFAULT CHARSET=utf8mb4 COLLATE=utf8mb4_unicode_ci COMMENT='иЎҢж”ҝеҢәеҲ’';
